moves,result
1.Nf3 Nf6 2.c4 e6 3.g3 d5 4.Bg2 d4 5.O-O Nc6 6.e3 e5 7.exd4 e4 8.d5 exf3 9.Qxf3 Ne5 10.Re1 Qe7 11.Qd1 Bg4 12.f3 Bxf3 13.Qa4+ Kd8 14.d4 Bxg2 15.Rxe5 Qd7 16.Qxd7+ Nxd7 17.Kxg2 Nxe5 18.dxe5 f6 19.e6 c6 20.Bf4 cxd5 21.cxd5 Rc8 22.Nc3 Bb4 23.Ne4 Rc4 24.Kf3 Rd4 25.a3 Rd3+ 26.Kg2 Ba5 27.Nd6 Ke7 28.Nf5+ Kd8 29.Nd6 Ke7 30.Nf5+ Kd8 31.d6 g5 32.Be3 Re8 33.e7+ Kd7 34.Bxa7 Rxd6 35.Nxd6 Kxd6 36.b4 Bc7 37.Bc5+ Kc6 38.Rc1 Kd5 39.Bd4 Rxe7 40.Bxf6 Rf7 41.Rc5+ Ke4 42.Bxg5 Bb6 43.Rb5 Bd4 44.Bd8 Rd7 45.Bb6 Be5 46.Kh3 h5 47.Rc5 Rd3 48.Bc7 Bd4 49.Rxh5 Rc3 50.Bd6 Rxa3 51.Bc5 Be5 52.Rh7 b5 53.Rb7 Kf3 54.Rxb5 Ra1 55.Ra5,1
1.e4 c6 2.Ne2 d5 3.e5 Bf5 4.Ng3 Bg6 5.h4 h6 6.h5 Bh7 7.e6 fxe6 8.d4 Nf6 9.Bd3 Bxd3 10.Qxd3 Na6 11.Nd2 Qb6 12.Qg6+ Kd7 13.Nf3 Qb5 14.a4 Qb4+ 15.c3 Qb3 16.Ne5+ Kc7 17.O-O b6 18.Qf7 Rd8 19.a5 b5 20.Bf4 Kb7 21.Qxe6 Rd6 22.Qf7 Nc7 23.a6+ Kb6 24.Nf5 Qc2 25.Nxd6 exd6 26.Qxf6 dxe5 27.Qxe5 Nxa6 28.Rxa6+ Kxa6 29.Ra1+,1
1.e4 e5 2.Nf3 Nc6 3.Bb5 Nf6 4.O-O Nxe4 5.Re1 Nd6 6.a4 Be7 7.Nc3 a6 8.Bf1 e4 9.Nxe4 Nxe4 10.Rxe4 d5 11.Re1 d4 12.Bd3 Be6 13.Be4 Bd5 14.d3 O-O 15.Bf4 Bb4 16.Re2 Rc8 17.Bd2 Be7 18.Qe1 Bxe4 19.Rxe4 f5 20.Re2 Bf6 21.b4 Qd5 22.h4 h6 23.Bf4 Kh7 24.Qd2 Rfe8 25.Rxe8 Rxe8 26.Bxc7 Be7 27.b5 axb5 28.axb5 Qxb5 29.Qf4 Bf6 30.h5 Kg8 31.Qd6 f4 32.Qd7 Qxh5 33.Bxf4 Qf7 34.Qxf7+ Kxf7 35.Rb1 Re7 36.Kf1 g5 37.Bh2 Rd7 38.g4 Kg6 39.Rb5 h5 40.gxh5+ Kxh5 41.Kg2 Kg6 42.Nd2 Na7 43.Rb2 Nc6 44.Nc4 g4 45.Rb5 Re7 46.Bd6 Rh7 47.Nd2 Na7 48.Rb1 Kf5 49.Ne4 Be5 50.Bxe5 Kxe5 51.Kg3 Rg7 52.Rb6 Rc7 53.Kxg4 Rf7 54.f3 Rf4+ 55.Kg3 Rf7 56.f4+,1
1.d4 Nf6 2.c4 c6 3.Nc3 d5 4.e3 e6 5.Nf3 Be7 6.Bd3 dxc4 7.Bxc4 b5 8.Bd3 b4 9.Ne4 Nbd7 10.Nxf6+ Nxf6 11.e4 Bb7 12.O-O O-O 13.e5 Nd7 14.Be4 Qb6 15.Bg5 Bxg5 16.Bxh7+ Kxh7 17.Nxg5+ Kg6 18.Qg4 f5 19.Qg3 Qxd4 20.Ne4+ Kh7 21.Qh4+ Kg6 22.Qg5+ Kf7 23.Rad1 Qxe5 24.Rxd7+ Kg8 25.Rxb7 Qxb2 26.Nc5 Rf7 27.Rxf7 Kxf7 28.Rd1 Qe5 29.Rd7+ Kg8 30.h4 Re8 31.Qg6,1
1.e4 e5 2.Nf3 Nf6 3.Nxe5 d6 4.Nf3 Nxe4 5.d3 Nf6 6.d4 g6 7.Bd3 Bg7 8.O-O O-O 9.h3 b6 10.c4 Bb7 11.Nc3 Re8 12.Be3 Nbd7 13.Re1 h6 14.d5 Nc5 15.Bc2 c6 16.Qd2 cxd5 17.cxd5 Nfe4 18.Nxe4 Nxe4 19.Bxe4 Rxe4 20.Bxh6 Rxe1+ 21.Rxe1 Bxh6 22.Qxh6 Bxd5 23.Nd4 Qf6 24.Qd2 Rc8 25.a3 a6 26.Re3 Kg7 27.Ne2 Bc4 28.Ng3 d5 29.b3 Bb5 30.a4 Bd7 31.Ne2 Be6 32.Nd4 a5 33.Kh2 Qf4+ 34.g3 Qf6 35.Kg2 Bd7 36.g4 Re8 37.Rxe8 Bxe8 38.Qe3 Bd7 39.Nf3 Bc6 40.g5 Qd6 41.Qxb6 d4 42.Kf1 Kg8 43.Qxd4 Qe6 44.Ne5 Qxh3+ 45.Ke1 Qh1+ 46.Kd2 Bf3 47.Nd7 Qd1+ 48.Ke3 Qxb3+ 49.Kf4 Bc6 50.Nf6+ Kg7 51.Nh5+ Kf8 52.Qd6+ Kg8 53.Qd8+,1
1.c4 c6 2.d4 d5 3.Nf3 Nf6 4.g3 Bf5 5.Nc3 e6 6.Nh4 dxc4 7.Nxf5 exf5 8.e3 Bd6 9.Bxc4 O-O 10.Qf3 g6 11.h3 Qe7 12.O-O h5 13.Re1 Ne4 14.g4 hxg4 15.hxg4 Bb4 16.gxf5 Nxc3 17.bxc3 Bxc3 18.Qg4 Kg7 19.e4 Bxa1 20.Bg5 Qb4 21.f6+ Kg8 22.Rxa1 Nd7 23.Qh3,1
1.e4 c5 2.Nf3 d6 3.d4 cxd4 4.Nxd4 Nf6 5.Nc3 a6 6.Bc4 e6 7.a4 Be7 8.O-O O-O 9.Be3 Qc7 10.Qe2 Bd7 11.a5 Ng4 12.Nf5 Bf6 13.Bb6 Qc6 14.Nd4 Qc8 15.Bb3 Ne5 16.Rad1 Bd8 17.f4 Nec6 18.f5 Bxb6 19.axb6 Nxd4 20.Rxd4 Qc5 21.Qf2 exf5 22.exf5 Bc6 23.f6 Nd7 24.fxg7 Kxg7 25.Bd5 f5 26.Bxc6 Qxc6 27.Rfd1 Qxb6 28.Nd5 Qd8 29.Nf4,1
1.e4 c5 2.Nf3 d6 3.Bc4 Nf6 4.Nc3 e6 5.d4 cxd4 6.Qxd4 Nc6 7.Qd3 a6 8.Bf4 Ng4 9.Rd1 Qb6 10.Qd2 Be7 11.Bb3 Nge5 12.h4 Qc7 13.Bg5 b5 14.Bxe7 Kxe7 15.Qg5+ Kf8 16.Rh3 h6 17.Qd2 Bb7 18.Nxe5 Nxe5 19.Qxd6+ Qxd6 20.Rxd6 Ke7 21.Rd1 g5 22.a3 Bc6 23.Ba2 a5 24.hxg5 hxg5 25.Rxh8 Rxh8 26.b4 axb4 27.axb4 Rh4 28.f3 g4 29.f4 Ng6 30.g3 Rh1+ 31.Kd2 Rh2+ 32.Kc1 Rh3 33.Rd3 Rh1+ 34.Kb2 Re1 35.e5 Ke8 36.Nd1 Be4 37.Rd2 Rg1 38.Nc3 Bf3 39.Nxb5 Rxg3 40.f5 Nxe5 41.f6 Nd7 42.Nd6+ Kf8 43.Nf5,1
1.e4 e5 2.Nf3 Nf6 3.Nxe5 d6 4.Nf3 Nxe4 5.d4 d5 6.Bd3 Bd6 7.O-O O-O 8.c4 c6 9.Re1 Bf5 10.Nc3 Nxc3 11.bxc3 Bxd3 12.Qxd3 dxc4 13.Qxc4 Nd7 14.Qb3 Qc7 15.c4 Rfe8 16.g3 b6 17.Bb2 Bf8 18.a4 a6 19.Kg2 h6 20.Rxe8 Rxe8 21.Bc1 Rb8 22.Qc2 Re8 23.a5 b5 24.cxb5 axb5 25.Bf4 Bd6 26.Bxd6 Qxd6 27.a6 Ra8 28.a7 Qc7 29.Ra6 Nf8 30.Qc5 Ne6 31.Rxc6 Qb7 32.Qb6 Rxa7 33.d5 Nf8 34.Qc5 Nd7 35.Rc8+ Kh7 36.Qc2+ g6 37.Qc3 Nf6 38.d6 b4 39.Qc7 g5 40.Qxb7 Rxb7 41.Rc7 Rb5 42.Rxf7+ Kg6 43.d7 Rd5 44.Ne5+ Kf5 45.Ng4 Kxg4 46.Rxf6 Kh5 47.h3,1
1.Nf3 c5 2.e4 d6 3.c3 Nf6 4.h3 Nc6 5.Bd3 g6 6.Bc2 e5 7.d4 cxd4 8.cxd4 exd4 9.O-O Bg7 10.Nxd4 O-O 11.Nc3 Re8 12.Ndb5 Re6 13.Bb3 Re7 14.Nxd6 Rd7 15.Bf4 Nh5 16.Nxf7 Rxf7 17.Bxf7+ Kxf7 18.Qb3+ Kf8 19.Rad1 Nd4 20.Qb4+ Kf7 21.Be3 Nc6 22.Qb3+,1
1.c4 c5 2.Nf3 g6 3.d4 Bg7 4.d5 d6 5.e4 e6 6.h3 Ne7 7.Nc3 h6 8.dxe6 Bxe6 9.Bf4 Nbc6 10.Qxd6 Qa5 11.Qd2 Nb4 12.a3 g5 13.Bh2 Rd8 14.Qc1 Nd3+ 15.Bxd3 Rxd3 16.O-O Bxc4 17.Nd5 Bxd5 18.exd5 Rxd5 19.Re1 Qd8 20.Qc4 Kf8 21.Ne5 Nc6 22.Rad1 Nd4 23.Kh1 b5 24.Qd3 h5 25.Nc6 Qb6 26.Ne7 Rd8 27.Nf5 Qg6 28.Bc7 Rd7 29.Re8+,1
1.e4 e5 2.f4 Bc5 3.Qh5 Nf6 4.Qxe5+ Be7 5.Qc3 O-O 6.e5 Ne4 7.Qe3 d5 8.d3 Bc5 9.d4 Bb6 10.Nc3 c5 11.Nxe4 cxd4 12.Qf3 dxe4 13.Qxe4 Nc6 14.a3 Re8 15.Bd3 g6 16.Nf3 f6 17.O-O Bg4 18.h3 Bf5 19.Qe2 Bxd3 20.cxd3 Qd5 21.Bd2 fxe5 22.fxe5 Nxe5 23.Nxe5 Rxe5 24.Qf2 Rf5 25.Qg3 Raf8 26.Rxf5 Qxf5 27.Bh6 Rd8 28.Rf1 Qe6 29.Qf3 Bc7 30.Qf8+,1
1.e4 e5 2.Nf3 Nc6 3.Bb5 Nf6 4.O-O Nxe4 5.Re1 Nd6 6.Nxe5 Be7 7.Bf1 Nxe5 8.Rxe5 O-O 9.d4 Bf6 10.Re1 Re8 11.Bf4 Rxe1 12.Qxe1 Ne8 13.c3 d5 14.Nd2 c6 15.a4 a5 16.Bd3 g6 17.Nf3 Ng7 18.Bh6 Be6 19.h3 Qd6 20.Qd2 Re8 21.Re1 Qd8 22.g4 Bc8 23.Rxe8+ Nxe8 24.Qf4 Qc7 25.Kg2 Qxf4 26.Bxf4 Be7 27.g5 Bd6 28.Ne5 Kf8 29.h4 Ke7 30.h5 Ng7 31.h6 Ne6 32.Be3 Nf8 33.Kf3 Bf5 34.Bxf5 gxf5 35.Nd3 Ne6 36.b4 axb4 37.cxb4 f4 38.Bxf4 Bxf4 39.Nxf4 Nxg5+ 40.Kg4 Ne4 41.Nd3 Nc3 42.a5 Nb5 43.Nc5 Nxd4 44.Nxb7 Nb5 45.a6 Ke6 46.Kf4 Na7 47.Nd8+ Ke7 48.Nxc6+ Nxc6 49.b5 Nd4 50.a7 Ne6+ 51.Kg3,1
1.d4 Nf6 2.c4 c5 3.d5 g6 4.Nc3 Bg7 5.e4 d6 6.Be2 O-O 7.Nf3 e6 8.O-O exd5 9.cxd5 Re8 10.Nd2 Na6 11.Kh1 Nc7 12.f3 b6 13.a4 Rb8 14.Nc4 Ba6 15.Bg5 Bxc4 16.Bxc4 a6 17.Qd3 Qc8 18.Bf4 Rd8 19.g4 Qb7 20.Qc2 b5 21.axb5 axb5 22.Be2 Qb6 23.Nd1 Nd7 24.Nf2 c4 25.Rad1 Ra8 26.b3 c3 27.b4 Ra4 28.Nd3 Na6 29.Qb3 Rc8 30.Rc1 Rc4 31.Ra1 Rxa1 32.Rxa1 Nxb4 33.Nxb4 Qf2 34.Ra2 Bd4 35.Qd1 Rxb4 36.Bg3 Qe3 37.Bxd6 Rb2 38.Rxb2 cxb2 39.Bd3 Qc1,0
1.e4 c5 2.Nf3 e6 3.d4 cxd4 4.Nxd4 Nc6 5.Nc3 Qc7 6.Be3 a6 7.Qf3 Nf6 8.O-O-O Ne5 9.Qg3 h5 10.Ndb5 axb5 11.Nxb5 Qb8 12.Bb6 Nxe4 13.Qe3 Rxa2 14.Kb1 Ra4 15.Nc7+ Ke7 16.Rd4 Rxd4 17.Qxd4 f6 18.Qxe4 d5 19.Qe1 Kf7 20.f4 Bd6 21.Nb5 Nc6 22.g3 Bd7 23.Qd2 h4 24.Bg2 hxg3 25.hxg3 Rxh1+ 26.Bxh1 Bb4 27.Qh2 Ne7 28.Nd4 Qd6 29.Qh5+ Kf8 30.Bd8 Bc5 31.Qh8+ Ng8 32.Nb3 Bb6 33.Bxb6 Qxb6 34.f5 Qg1+ 35.Ka2 Qxg3 36.Nc5 Qd6 37.fxe6 Bxe6 38.Nd3 Bf5 39.Qh5 Ne7 40.Qh8+ Kf7 41.Qh5+ Bg6 42.Qe2 Qa6+ 43.Kb1 Bxd3 44.cxd3 Qe6 45.Qh5+ g6 46.Qh7+ Ke8 47.Bf3 Kd7 48.Bd1 Qe1 49.Kc1 Qe3+ 50.Kc2 g5 51.Qh8 f5 52.Qb8 b6 53.Kc3 Qc5+ 54.Kd2 Qb4+ 55.Kc2 g4 56.Kb1 Qd4 57.Ka2 Nc6 58.Qb7+ Kd6 59.Qh7 Nb4+ 60.Ka3 Nxd3 61.Qh6+ Ke5 62.Qh2+ Ke4 63.Qg2+ Kf4 64.Qd2+ Qe3 65.Qh2+,0
1.e4 e5 2.Nf3 Nc6 3.Bc4 Nf6 4.d3 Bc5 5.a4 d6 6.O-O a5 7.Be3 Bxe3 8.fxe3 O-O 9.Nbd2 Ne7 10.Nh4 c6 11.Qe1 d5 12.Bb3 Qd6 13.Qg3 Nh5 14.Qg5 g6 15.Nf5 Bxf5 16.exf5 Kg7 17.Kh1 Qf6 18.Qxf6+ Nxf6 19.fxg6 hxg6 20.e4 dxe4 21.dxe4 Rad8 22.Rf2 Rd4 23.Raf1 Neg8 24.c3 Rd7 25.Re2 Re7 26.Bc2 Nd7 27.Nc4 Ra8 28.g4 f6 29.Rg2 Nh6 30.g5 fxg5 31.Rxg5 Nf7 32.Rg2 Re6 33.Rd2 Rf6 34.Rxf6 Nxf6 35.b4 axb4 36.cxb4 Kf8 37.Kg2 Ke7 38.a5 Rh8 39.Re2 Nh5 40.Kg1 Nf4 41.Rd2 Rh3 42.a6 bxa6 43.Ba4 Rc3 44.Na5 Ng5 45.Rc2 Ngh3+ 46.Kf1 Ra3 47.Nxc6+ Kf6,0
1.d4 Nf6 2.Bf4 b6 3.Nc3 Bb7 4.f3 e6 5.e4 a6 6.Qd2 d5 7.O-O-O Bb4 8.a3 Bxc3 9.Qxc3 dxe4 10.d5 Nxd5 11.Qxg7 Qf6 12.Qxf6 Nxf6 13.Be5 Ke7 14.Bxc7 Nbd7 15.Bg3 Rhg8 16.Be2 Ke8 17.fxe4 Nxe4 18.Bf3 Nxg3 19.hxg3 Bxf3 20.Nxf3 Rxg3 21.Rxh7 Ke7 22.Nd4 Ne5 23.Re1 Rg4 24.Rxe5 Rxd4 25.Re2 Rad8 26.c3 Rf4 27.Kc2 Rg8 28.b4 b5 29.Kb3 Rfg4 30.Rf2 R8g7 31.Rxg7 Rxg7 32.a4 f5 33.axb5 axb5 34.Ra2 Rg5 35.Ra7+ Kf6 36.Ra2 f4 37.Rc2 Rg3 38.Ka2 Ke5 39.Kb2 Kd5 40.Rd2+ Ke4 41.Kb3 e5 42.Re2+ Kf5 43.Rd2 e4 44.Rd5+ Kf6 45.Rxb5 e3 46.Rb6+ Kf5 47.Rb5+ Ke4 48.Rb8 e2,0
1.e4 e5 2.Nf3 Nc6 3.Bb5 a6 4.Ba4 Nf6 5.O-O Be7 6.Re1 b5 7.Bb3 O-O 8.a4 Rb8 9.axb5 axb5 10.c3 d6 11.d4 exd4 12.cxd4 d5 13.e5 Ne4 14.Nc3 Nxc3 15.bxc3 Bf5 16.h3 Qd7 17.Be3 Nd8 18.Nd2 b4 19.c4 dxc4 20.Bxc4 c6 21.Qa4 Rb7 22.Nf1 Ne6 23.Ng3 Bg6 24.Red1 Nc7 25.Qb3 Nd5 26.Ra5 Ra7 27.Rda1 Rfa8 28.Rxa7 Rxa7 29.Rxa7 Qxa7 30.Ne2 Qa3 31.Bc1 Qxb3 32.Bxb3 Bd3 33.Nf4 Nxf4 34.Bxf4 c5 35.dxc5 Bxc5 36.e6 Kf8 37.exf7 Bg6 38.Kf1 Bxf7 39.Bxf7 Kxf7 40.Ke2 Bd4 41.Kd3 Bxf2 42.Bd2 Bc5 43.Kc4 Bf8,0
1.d4 Nf6 2.c4 g6 3.Nc3 Bg7 4.e4 O-O 5.f3 d6 6.Be3 e5 7.Nge2 exd4 8.Nxd4 c6 9.Qd2 Re8 10.Be2 d5 11.exd5 cxd5 12.c5 Nc6 13.O-O Rxe3 14.Qxe3 Qf8 15.Nxc6 bxc6 16.Kh1 Nd7 17.Na4 Rb8 18.Rab1 Rb4 19.b3 h5 20.Bd3 Rxa4 21.bxa4 Nxc5 22.Rb8 Nd7 23.Ra8 c5 24.Bb5 Nb6 25.Rxa7 Be6 26.Rb7 d4 27.Qg5 Nd5 28.Bc6 Qd6 29.Bxd5 Bxd5 30.a5 Bxb7 31.Rb1 Qe6 32.h4 Ba6 33.Qxc5 d3 34.Qb6 d2 35.Rd1 Qe1+,0
1.e4 c5 2.Nf3 Nc6 3.Bb5 g6 4.O-O Bg7 5.c3 Nf6 6.Re1 O-O 7.d4 d5 8.e5 Ne4 9.Be3 cxd4 10.cxd4 Qb6 11.Bxc6 Qxc6 12.Nbd2 Bf5 13.Nb3 b6 14.Nh4 Be6 15.f3 g5 16.fxe4 gxh4 17.Bg5 f6 18.Rc1 Qb7 19.Bxh4 dxe4 20.Rc3 f5 21.Bg5 f4 22.Qc2 h6 23.Bh4 e3 24.Qg6 Qd7 25.Rec1 Bxb3 26.axb3 Qxd4 27.Rc7 Rae8 28.Be1 Qxe5 29.Rxa7 Qf5 30.Qxb6 f3 31.gxf3 Qxf3 32.Qe6+ Kh7 33.h3 Qf1+ 34.Kh2 Qe2+ 35.Kg3 Rf3+ 36.Kh4 Bf6+,0
1.e4 e5 2.Nf3 Nc6 3.Bc4 Nf6 4.d3 Bc5 5.c3 d6 6.Bg5 h6 7.Bh4 a6 8.Nbd2 Ba7 9.O-O Qe7 10.b4 O-O 11.a4 Be6 12.Re1 Bxc4 13.Nxc4 b5 14.axb5 axb5 15.Na5 Nxa5 16.Rxa5 Bb6 17.Rxb5 g5 18.Bg3 Nd7 19.d4 f6 20.dxe5 fxe5 21.c4 c6 22.Rxb6 Nxb6 23.c5 Nd7 24.cxd6 Qe6 25.Qc2 Ra6 26.Nxe5 Ra2 27.Qxa2 Qxa2 28.Nxd7 Rd8 29.Nf6+ Kf7 30.e5 Qd2 31.f3 Qxb4 32.h3 Ra8 33.d7 Qd4+ 34.Kh2 Ke6 35.Rc1 c5 36.Ne4 c4 37.Nd6 c3 38.Ne4 Kxd7 39.Rxc3 Kd8 40.Rc6 Qe3 41.Rc3 Qd4 42.Rc2 Ke7 43.Rd2 Qc4 44.Bf2 Ra5 45.Bg3 Ra1 46.e6 Qc1 47.Bd6+ Kxe6 48.Kg3 h5 49.Nxg5+ Kf5 50.Rd5+ Kg6 51.Ne6 Qe1+,0
1.e4 e5 2.f4 exf4 3.Nf3 g5 4.h4 g4 5.Ne5 d6 6.Nxg4 Nf6 7.Nxf6+ Qxf6 8.d3 Nc6 9.Qf3 Bh6 10.Qf2 Rg8 11.Nc3 Be6 12.Bd2 O-O-O 13.O-O-O Qd4 14.Qe1 Qe5 15.Ne2 f5 16.g3 fxe4 17.gxf4 Qf5 18.Ng3 Qf7 19.f5 Bxd2+ 20.Rxd2 Bd7 21.Kb1 Ne5 22.Qe3 exd3 23.cxd3 Bc6 24.Ne4 Kb8 25.Bh3 Rde8 26.Rc1 Bd5 27.Re2 Bxa2+ 28.Ka1 Bd5 29.Ng5 Qd7 30.Qd4 Qb5 31.Kb1 Nc6 32.Rxe8+ Rxe8 33.Qc3 Bb3 34.Ne4 Qa4 35.Rf1 Nd4 36.Bg4 Bc2+ 37.Kc1 Qa1+ 38.Kd2 Qxf1 39.Qxd4 Bxd3 40.Nf6 Re2+,0
1.e4 c5 2.Nf3 Nc6 3.Bb5 e5 4.O-O Bd6 5.d4 Nxd4 6.Nxd4 cxd4 7.c3 Bc5 8.b4 Bb6 9.a4 a6 10.Bd3 Nf6 11.a5 Ba7 12.b5 axb5 13.Na3 dxc3 14.Nxb5 Bc5 15.Bg5 O-O 16.Nxc3 h6 17.Bxf6 Qxf6 18.Nd5 Qd8 19.Qd2 d6 20.Rfb1 Ra7 21.Kh1 Be6 22.Bc4 Qh4 23.f3 Rfa8 24.Ra2 Qd8 25.h3 Rxa5 26.Rxb7 Rxa2 27.Bxa2 Qh4 28.Kh2 Kh7 29.Rb2 Ra3 30.Rb3 Ra7 31.Rb1 Bf2 32.Rf1 Bg3+ 33.Kh1 Bf4 34.Qf2 Qxf2 35.Rxf2 Bxd5 36.exd5 Bg3 37.Bb1+ g6 38.Ra2 Rc7 39.Rc2 Rb7 40.Ba2 h5 41.Kg1 Kh6 42.Kf1 Kg5 43.Ke2 f5 44.Kd3 Ra7 45.Bc4 Ra3+ 46.Rc3 Ra1 47.Rc2 Kf4 48.Re2 Ra3+ 49.Kc2 e4 50.fxe4 fxe4 51.Bb5 Ra5 52.Bc6 g5 53.Kc3 Ke5 54.Rb2 Rc5+ 55.Kd2 Bf4+ 56.Ke2 h4 57.Ra2 Rc1 58.Rb2 Bg3 59.Ke3 Re1+ 60.Re2 Bf4+ 61.Kf2 Ra1 62.Rb2 Ra3 63.Ke2 Be3 64.Rb8 Bc5 65.Rb2 Ra1 66.Kd2 Rg1,0
1.e4 c5 2.Nf3 Nc6 3.Bb5 g6 4.O-O Bg7 5.c3 a6 6.Bxc6 dxc6 7.h3 e5 8.Na3 Qc7 9.d3 Nf6 10.Be3 Nd7 11.Qd2 O-O 12.Bh6 Re8 13.Bxg7 Kxg7 14.Nc4 b5 15.Ne3 Nf6 16.c4 b4 17.b3 a5 18.a3 Be6 19.Qb2 Nd7 20.axb4 cxb4 21.Ng5 f6 22.Nxe6+ Rxe6 23.d4 exd4 24.Qxd4 Qd6 25.Qb2 Qe5 26.Qd2 Rd6 27.Qc1 h5 28.c5 Qxc5 29.Nc4 Rd4 30.Rd1 a4 31.Rxd4 Qxd4 32.Qe1 Nc5 33.Rd1 Qc3 34.Qe2 axb3 35.e5 Ra1 36.exf6+ Kxf6 37.Rxa1 Qxa1+ 38.Kh2 Qd4 39.g3 Nd3 40.Qf3+ Kg7 41.Qxc6 Qxf2+ 42.Kh1 Qxg3 43.Qd7+ Kh6,0
1.e4 c5 2.Nf3 e6 3.d4 cxd4 4.Nxd4 Nc6 5.Nc3 Qc7 6.g3 a6 7.Bg2 Nf6 8.O-O Bc5 9.Nb3 Ba7 10.Qe2 d6 11.Be3 Bxe3 12.Qxe3 O-O 13.a4 e5 14.h3 Be6 15.Nd2 Nd4 16.Rac1 Rac8 17.f4 Qb6 18.Kh2 Qxb2 19.fxe5 dxe5 20.Nd5 Bxd5 21.exd5 Nxc2,0
1.Nf3 Nf6 2.g3 b6 3.Bg2 Bb7 4.O-O g6 5.c4 Bg7 6.d4 O-O 7.d5 Na6 8.Nc3 Nc5 9.Nd4 e5 10.Nc2 a5 11.b3 d6 12.e4 Bc8 13.Na3 Ne8 14.Nab5 Bd7 15.Rb1 f5 16.f3 f4 17.a3 g5 18.b4 Nb7 19.g4 h5 20.h3 Rf7 21.Kf2 Bf8 22.Rg1 Rh7 23.Bf1 Nf6 24.Ke1 Qc8 25.Rb2 Nd8 26.Qd3 Nf7 27.Kd1 Be7 28.Kc2 axb4 29.axb4 hxg4 30.hxg4 Ra1 31.Rb1 Rh2+ 32.Rg2 Rxg2+ 33.Bxg2 Rxb1 34.Kxb1 Nxg4 35.fxg4 Bxg4 36.Bf3 Bh3 37.Bh5 g4 38.Ne2 Bf1 39.Qd1 Bg2 40.Bg6 Ng5 41.Nbc3 Bf3 42.Qf1 Kg7 43.Bf5 Qh8 44.Nxf4 exf4 45.Bxf4 Bf6 46.Qc1 Nf7 47.Nb5 Qa8 48.e5 dxe5 49.Bd2 Nd6 50.Bh6+ Kf7 51.Nxd6+ cxd6 52.Bg5 Qh8 53.Be3 e4 54.Bxb6 Qh2 55.Bg1 Qe2 56.b5 Qd3+,0
1.d4 d5 2.c4 e6 3.Nc3 Nf6 4.cxd5 exd5 5.Bg5 Be7 6.e3 h6 7.Bh4 Bg4 8.Qa4+ c6 9.Bd3 O-O 10.h3 Bh5 11.Qc2 c5 12.g4 cxd4 13.exd4 Bg6 14.Bxg6 fxg6 15.Qxg6 Nxg4 16.Qe6+ Rf7 17.hxg4 Bxh4 18.Nf3 Qf6 19.Qxf6 Bxf6 20.Nxd5 Nc6 21.Rd1 Re8+ 22.Ne3 Re4 23.d5 Nb4 24.d6 Nc2+ 25.Ke2 Nxe3 26.fxe3 Rxg4 27.Rd5 Rd7 28.Rf1 Bxb2 29.Rd3 Bf6 30.Rd5 Rb4 31.Rfd1 Kf7 32.R1d3 Ke6 33.Nd2 Ra4 34.a3 Rxa3 35.Rxa3 Kxd5 36.Rxa7 Kxd6 37.Ne4+ Kd5 38.Nxf6+ gxf6 39.Ra5+ Kc4 40.Rf5 Rd6 41.Rf4+ Kb3 42.Rf5 Ka4 43.Rf4+ Ka5 44.Rh4 b5 45.Rxh6 b4 46.e4 Ka4 47.e5 Re6 48.Rxf6 Rxe5+ 49.Kd1 Rc5 50.Ra6+ Kb3 51.Rd6 Ka3 52.Ra6+ Kb2 53.Rd6 b3 54.Rd8 Kb1 55.Kd2 b2 56.Ra8 Rd5+,0
1.e4 g6 2.d4 e6 3.Nf3 Ne7 4.h4 h6 5.Bf4 Bg7 6.Qd2 d5 7.e5 c5 8.c3 Nbc6 9.Na3 Kf8 10.dxc5 b6 11.cxb6 Qxb6 12.Bd3 Ba6 13.b4 d4 14.b5 dxc3 15.Qe3 Nd5 16.Qxb6 axb6 17.bxa6 Nxf4 18.Be4 Rxa6 19.Bxc6 Rxa3 20.O-O-O Kg8 21.Rd8+ Kh7 22.Ng5+ hxg5 23.hxg5+ Nh5 24.Rxh5+ gxh5 25.Be4+ f5 26.exf6,0
1.e4 e6 2.d4 d5 3.exd5 exd5 4.Nf3 Bd6 5.c4 Nf6 6.Nc3 O-O 7.cxd5 Re8+ 8.Be2 Nbd7 9.O-O h6 10.Re1 Nb6 11.Ne5 Nbxd5 12.Bf3 c6 13.Qb3 Qb6 14.Nxd5 Nxd5 15.Bxd5 cxd5 16.Qxb6 axb6 17.Bd2 f6 18.Nd3 Rxe1+ 19.Bxe1 Ra4 20.Bc3 Bf5 21.Ne1 Kf7 22.a3 b5 23.Rc1 Rc4 24.Rd1 b4 25.axb4 Bxb4 26.Bxb4 Rxb4 27.Rd2 g5 28.f3 h5 29.Kf2 h4 30.g3 hxg3+ 31.hxg3 Ke6 32.Ng2 Kd6 33.Ne3 Be6 34.Ke2 Rb3 35.Kf2 Rb4 36.Ke2 Ra4 37.Kf2 Bd7 38.g4 Ra1 39.Rd1 Ra2 40.Rd2 b5 41.Ke2 b4 42.Kd3 Bb5+ 43.Kc2 Bc4 44.Kb1 Ra8 45.Kc2 Re8 46.Nxc4+ dxc4 47.d5 Re3 48.Rd4 b3+ 49.Kd2 Rxf3 50.Rxc4 Kxd5 51.Rb4 Kc5 52.Ra4 Rf4 53.Ra6 Kd4 54.Rd6+ Ke5 55.Rb6 Rxg4 56.Rxb3 Rg2+ 57.Ke1 g4 58.Rb8 f5 59.b4 Rb2,0
1.d4 g6 2.e4 Bg7 3.Nf3 d6 4.Bd3 Nc6 5.c3 Nf6 6.O-O O-O 7.h3 e5 8.dxe5 Nxe5 9.Nxe5 dxe5 10.Be3 b6 11.Qc2 Qe7 12.Nd2 Rd8 13.Rfd1 a5 14.Bg5 h6 15.Bh4 Be6 16.a4 Qc5 17.Nb3 Qc6 18.f3 Bc4 19.Bxc4 Qxc4 20.Rd2 Rxd2 21.Nxd2 Qc6 22.Nf1 Rd8 23.Ne3 Bf8 24.Nd5 Bc5+ 25.Kh1 g5 26.Nxf6+ Qxf6 27.Be1 Qd6 28.b4 Be3 29.Qe2 Qd3 30.Qxd3 Rxd3 31.bxa5 bxa5 32.h4 c5 33.c4 Bd4 34.Rc1 Ra3 35.Bxa5 Rxa4 36.Bd8 Be3 37.Rc3 Bf4 38.Kg1 Bg3 39.Rc1 gxh4 40.Bb6 Bf4 41.Rc2 Be3+ 42.Kh2 Ra1 43.Bd8 Bf4+ 44.Kh3 h5 45.g3 hxg3 46.Kg2 Kg7 47.Be7 Kg6 48.Rb2 Rc1 49.Bxc5 h4 50.Kh3 Rh1+ 51.Kg4 h3 52.Rb6+ f6 53.Be7 g2 54.Rxf6+ Kg7,0
1.d4 g6 2.e4 d6 3.Nc3 Bg7 4.Nf3 a6 5.a4 b6 6.Bc4 e6 7.O-O Ne7 8.Re1 Nd7 9.Bf4 Bb7 10.Qd2 h6 11.Rad1 g5 12.Bg3 Ng6 13.h3 O-O 14.Nh2 Kh7 15.Nf1 Nf6 16.Qe2 Qd7 17.e5 dxe5 18.dxe5 Qc6 19.Ne3 Nd7 20.Bb5 axb5 21.axb5 Qc5 22.Rxd7 Bxe5 23.Qc4 Bc8 24.Qxc5 bxc5 25.Bxe5 Bxd7 26.Bxc7 Nf4 27.Nc4 Nd5 28.Nxd5 exd5 29.Nb6 Rae8 30.Rxe8 Bxe8 31.Bd6 Rg8 32.Nxd5 Rg6 33.Bxc5 Bxb5 34.c3 Ra6 35.b4 f5 36.Nc7 Ra1+ 37.Kh2 Bc4 38.Ne8 Kg6 39.Nd6 Bd3 40.Bd4 Rb1 41.Be5 f4 42.Bd4 h5 43.Be5 Rb2 44.Kg1 Re2 45.Bd4 g4 46.hxg4 hxg4 47.Kh2 g3+ 48.fxg3 f3 49.g4 Rxg2+ 50.Kh3 f2,0
1.e4 e5 2.d4 exd4 3.Nf3 Nc6 4.Bc4 Nf6 5.e5 d5 6.exf6 dxc4 7.O-O gxf6 8.Bf4 Be6 9.Re1 Qd7 10.c3 O-O-O 11.cxd4 Nxd4 12.Nc3 Rg8 13.Bg3 h5 14.Ne4 Be7 15.Nxd4 Qxd4 16.Qe2 f5 17.Nc3 h4 18.Bxc7 Qg7,0
1.e4 e5 2.Nf3 Nc6 3.Bc4 Nf6 4.d3 Be7 5.O-O O-O 6.Nc3 d6 7.a3 h6 8.h3 Re8 9.Re1 Bf8 10.d4 Bd7 11.Be3 exd4 12.Nxd4 Ne5 13.Ba2 c6 14.f4 Ng6 15.Qd3 Qa5 16.e5 dxe5 17.b4 Qd8 18.Qxg6 Nd5 19.Bxd5 cxd5 20.Qg3 exd4 21.Bxd4 Rxe1+ 22.Rxe1 Bf5 23.Re5 Bxc2 24.Rxd5 Qe8 25.Re5 Qd7 26.Nd5 Kh7 27.Qf2 Rc8 28.Bxa7 Bb3 29.Ne3 f6 30.Rh5 Qd3 31.Bc5 Bf7 32.Rh4 Rxc5,0
1.c4 g6 2.d4 Bg7 3.e4 d6 4.Nc3 c5 5.d5 Bxc3+ 6.bxc3 e5 7.Bd3 Nd7 8.f4 exf4 9.Bxf4 Qh4+ 10.Bg3 Qe7 11.Nf3 Nh6 12.e5 Nxe5 13.Nxe5 dxe5 14.O-O O-O 15.Qd2 Nf5 16.Bxf5 Bxf5 17.Rf2 f6 18.Raf1 Rad8 19.Qe3 b6 20.Bh4 Rd6 21.h3 Bd7 22.Rf3 Rf7 23.g4 Be8 24.g5 f5 25.Re1 e4 26.Bg3 Rd8 27.Rf2 Bd7 28.Bc7 Re8 29.Qf4 Bc8 30.Bd6 Qd8 31.Be5 Rxe5 32.Qxe5 Qxg5+ 33.Rg2 Qf6 34.Qb8 Rf8 35.Qf4 Ba6 36.h4 Bxc4 37.d6 Qxc3 38.Re3 Qd4 39.h5 Bf7 40.Kh2 Rd8 41.Reg3 Qxd6 42.Qxf5 Re8 43.hxg6 hxg6 44.Kh1 Kg7 45.Rh3 Qe6 46.Qh5 Qxh3+ 47.Qxh3 Rh8 48.Qxh8+ Kxh8 49.Rd2 Bc4 50.Rd7 Bxa2 51.Rxa7 Bc4 52.Kg1 Bd3 53.Rc7 c4 54.Rb7 c3 55.Rxb6 c2 56.Rc6 e3 57.Rc8+ Kg7 58.Kg2 g5 59.Kf3 e2 60.Kf2 g4 61.Ke1 g3 62.Rxc2 Bxc2 63.Kxe2 Bd1+,0
1.e4 c6 2.d4 d5 3.e5 Bf5 4.h4 h5 5.Bd3 Bxd3 6.Qxd3 e6 7.Nf3 Qa5+ 8.Nbd2 Nh6 9.O-O Nf5 10.Nb3 Qb5 11.Qd1 c5 12.dxc5 Bxc5 13.a4 Qc6 14.Nxc5 Qxc5 15.c3 Nc6 16.Re1 Rd8 17.Bg5 Rd7 18.Rc1 d4 19.b4 Qb6 20.b5 dxc3 21.Qb3 Nce7 22.Rxc3 O-O 23.Qc2 Nd5 24.Rc4 Rc7 25.Nd2 Rfc8 26.Rxc7 Rxc7 27.Qd1 Qd4 28.Qxh5 Qxa4 29.Ne4 Qxb5 30.Rd1 Rd7 31.Qg4 Kf8 32.Qh5 Kg8 33.Qg4 Nb6 34.Bf6 Rxd1+ 35.Qxd1 Nd7 36.Qc1 Qc6 37.Qf4 gxf6 38.exf6 Kh7 39.Qg4 Qc1+ 40.Kh2 Qh6 41.Ng5+ Kg8 42.Nxe6+ Qg6 43.Qc4 fxe6 44.Qxe6+ Qf7 45.Qxf5 Nxf6 46.g4 Nd5 47.Qg5+ Kh7 48.Kg1 a5 49.Qd2 Qe6 50.Qxa5 Qxg4+ 51.Kf1 Qe4 52.Qd8 Nf4 53.Qc7+ Kh6 54.Qb6+ Kh5 55.Qa5+ Qd5,0
1.e4 e6 2.d4 d5 3.Nc3 Nf6 4.e5 Nfd7 5.f4 c5 6.Nf3 Nc6 7.Be3 a6 8.Qd2 b5 9.a3 Qa5 10.Be2 b4 11.Nd1 Rb8 12.O-O c4 13.a4 Be7 14.Qe1 b3 15.c3 Nb6 16.f5 exf5 17.Qg3 g6 18.Bg5 Be6 19.Bf6 Bxf6 20.exf6 Nd7 21.Ng5 Rc8 22.Nxe6 fxe6 23.Qd6 Nf8 24.Bxc4 dxc4 25.Ne3 Qc7 26.Nxc4 Kf7 27.d5 Nd8 28.dxe6+ Nfxe6 29.Ne5+ Kxf6 30.Nd7+ Kf7 31.Qd5 Re8 32.Rad1 Kg7 33.g4 f4 34.a5 Nf7 35.Rfe1 Rcd8 36.h4 f3,0
1.d4 Nf6 2.c4 e6 3.Nf3 d5 4.g3 dxc4 5.Bg2 Bb4+ 6.Bd2 a5 7.a3 Bxd2+ 8.Nbxd2 b5 9.b3 cxb3 10.Qxb3 c6 11.O-O O-O 12.Rfc1 Bb7 13.Qb2 Nbd7 14.Ne1 e5 15.dxe5 Nxe5 16.Qxe5 Qxd2 17.Rd1 Qh6 18.Qc7 Rab8 19.Nd3 Qh5 20.Bf3 Qf5 21.Rac1 b4 22.Nc5 Ba8 23.Qxa5 bxa3 24.Qxa3 h6 25.e4 Qe5 26.Nd3 Qe6 27.e5 c5 28.exf6 Bxf3 29.fxg7 Rfd8 30.Re1 Qb3 31.Qxb3 Rxb3 32.Nf4 Rc8 33.h3 c4 34.Rc2 c3 35.g4 Rb2 36.Rcc1 c2 37.Nh5 Rcb8 38.Kh2 Rb1 39.Kg3 Bd1 40.Rxc2 Bxc2 41.Re3 Bg6,0
1.c4 e5 2.d3 Bb4+ 3.Bd2 a5 4.Nc3 Nf6 5.Nf3 Nc6 6.a3 Bxc3 7.Bxc3 Qe7 8.e3 a4 9.Be2 O-O 10.O-O d6 11.Rc1 Re8 12.Nd2 h6 13.Ne4 Nxe4 14.dxe4 f6 15.Bd3 Nd8 16.c5 dxc5 17.Bb5 c6 18.Bxa4 b5 19.Bc2 Be6 20.f4 Nf7 21.Qe1 Bc4 22.Rf3 Red8 23.Rg3 Bd3 24.Bxd3 Rxd3 25.Qe2 Rad8 26.Qg4 Nd6 27.fxe5 fxe5 28.Qg6 Nc4 29.Qxc6 Nxe3 30.Qxb5 Qh4 31.Bxe5 R8d7 32.Qxc5 Qxe4 33.Re1 Rd1 34.Bc3 Ng4 35.Qb4 R7d4 36.Rxg4 Rxe1+ 37.Bxe1 Qxg4 38.Qb3+ Kh8 39.Qf3 Qg6 40.Qe3 Qb1 41.Kf1 Qxb2 42.h3 Qb5+ 43.Kg1 Rd3 44.Qf2 Qe5 45.g3 Qe4 46.h4 Kh7 47.a4 Re3 48.Ba5 Re2 49.Qf1 Rb2 50.Be1 Re2 51.Bf2 Ra2 52.Qg2 Qxg2+ 53.Kxg2 h5 54.a5 Kg6 55.Kf3 Rxa5 56.Bd4 Ra3+ 57.Kf4 Ra4 58.Ke5 Kf7 59.Be3 Ra5+ 60.Kf4 Ke6 61.g4 Ra4+ 62.Kg5 Rxg4+ 63.Kxh5 Kf5 64.Bg5 Rg2,0
1.d4 Nf6 2.Nf3 d5 3.e3 a6 4.b3 Bf5 5.Ba3 e6 6.Bxf8 Kxf8 7.Be2 Nc6 8.O-O h5 9.c4 h4 10.Nc3 Ne4 11.Rc1 Rh6 12.cxd5 exd5 13.Nd2 Nxc3 14.Rxc3 Qd6 15.Qc1 Re8 16.Bf3 Re7 17.Rc5 Nb4 18.Nc4 Qe6 19.Nb2 h3 20.g3 Nxa2 21.Qd2 Be4 22.Be2 b6 23.Na4 Bh7 24.Re1 Qe4 25.f3 Qxe3+ 26.Qxe3 Rxe3 27.Rxc7 Rhe6 28.Kf2 Bd3 29.Bxd3 Rxe1 30.g4 Nb4 31.Bf5 R1e2+ 32.Kg3 Rd6 33.Rb7 g6 34.Bd7 g5,0
1.d4 d6 2.e4 Nf6 3.Nc3 g6 4.Be3 c6 5.Qd2 Nbd7 6.O-O-O b5 7.f3 Nb6 8.h4 b4 9.Nb1 a5 10.Nh3 d5 11.e5 Nh5 12.Qe1 Bxh3 13.Rxh3 Ng7 14.Bh6 Ne6 15.Bxf8 Rxf8 16.Rh2 Qc7 17.h5 c5 18.dxc5 Qxc5 19.hxg6 hxg6 20.g3 Rc8 21.f4 Nd4 22.Qf2 b3 23.a4 Qxc2+ 24.Qxc2 Nxc2 25.Bb5+ Kd8 26.Nc3 e6 27.Kb1 Ke7 28.Ne2 Rh8 29.Rxh8 Rxh8 30.Nc1 Ne3 31.Re1 Nec4 32.Nxb3 Rh2 33.Kc1 Kf8 34.Rf1 Nxb2 35.Nxa5 N2xa4 36.Rf3 Nc5 37.Rc3 Ra2 38.Nc6 Ne4 39.Rb3 Rg2 40.Ba6 Na4 41.Rb8+ Kg7 42.Ne7 Nac5 43.Rg8+ Kh7 44.Rf8 Nxa6 45.Rxf7+ Kh8 46.Nxg6+ Kg8 47.Ra7 Nac5 48.f5 Nd3+,0
1.e4 e5 2.Nf3 Nc6 3.Bc4 Nf6 4.d3 Bc5 5.c3 d6 6.O-O a5 7.Bg5 h6 8.Bh4 Bd7 9.Re1 Ba7 10.Nbd2 g5 11.Bg3 Ne7 12.d4 Ng6 13.dxe5 dxe5 14.Nf1 Qe7 15.Ne3 O-O-O 16.Qc1 Rhe8 17.b4 a4 18.Nf5 Qf8 19.Qc2 Nf4 20.Rad1 Bxf5 21.Qxa4 Rxd1 22.Rxd1 Kb8 23.exf5 e4 24.Nd4 e3 25.fxe3 Rxe3 26.Bf2 Qe7 27.Bxe3 Qxe3+ 28.Kf1 N4d5 29.Bxd5 Ng4,0
1.c4 Nf6 2.Nf3 c5 3.Nc3 e6 4.e3 d5 5.d4 a6 6.cxd5 exd5 7.g3 c4 8.Bg2 Bb4 9.Qa4+ Nc6 10.Ne5 O-O 11.Nxc6 Bxc3+ 12.bxc3 bxc6 13.O-O Bf5 14.Ba3 Re8 15.Qxc6 Re6 16.Qa4 h5 17.h3 Bd3 18.Rfc1 Ne4 19.Qd1 Qg5 20.Qe1 Rae8 21.Kh2 Rg6 22.Rab1 Bxb1 23.Rxb1 Qd8 24.Bb4 Rb6 25.Rc1 Qb8 26.h4 a5 27.Ba3 Ree6 28.Rd1 Qe8 29.Bc1 Rb1 30.f3 Nd6 31.Bd2 Rb2 32.Rb1 Rxa2 33.Qc1 Nf5 34.e4 dxe4 35.fxe4 Rxe4 36.Bf4 Ree2 37.Rb8 Rxg2+ 38.Kh1 Qxb8 39.Bxb8 Rh2+ 40.Kg1 Rag2+ 41.Kf1 Rh1+,0
1.d4 e6 2.Nf3 Nf6 3.Bf4 Be7 4.h3 b5 5.e3 a6 6.Nbd2 Bb7 7.Bd3 c5 8.c3 Nc6 9.e4 d6 10.Be3 O-O 11.O-O Rc8 12.dxc5 dxc5 13.Qe2 Qc7 14.a4 c4 15.Bc2 Rfd8 16.Rfd1 h6 17.axb5 axb5 18.b3 cxb3 19.Bxb3 b4 20.cxb4 Nxb4 21.Nd4 Qe5 22.f4 Qb8 23.Nxe6 fxe6 24.Bxe6+ Kh8 25.Bxc8 Rxc8 26.Ra7 Bc5 27.Bxc5 Rxc5 28.Rda1 Nc6 29.Qe3 Rc2 30.R7a4 Qd8 31.Nf3 Ne7 32.Qb3 Qc7 33.Nd4 Rc1+ 34.Rxc1 Qxc1+ 35.Kh2 Qxf4+ 36.Qg3 Qxe4 37.Rb4 Bd5 38.Qf2 Ng6 39.Nc2 Qe7 40.Rd4 Be4 41.Ne1 Qe5+ 42.Kg1 Nf4 43.Rb4 Kh7 44.Rb3 N6d5 45.Nf3 Qc7 46.Qb2 Qc5+ 47.Kh2 Ne3 48.Qd4 Nf1+ 49.Kh1 Qxd4 50.Nxd4 Bxg2+ 51.Kg1 Bxh3 52.Rf3 g5 53.Ra3 Kg6 54.Nf3 Ng3 55.Kh2 Nf5 56.Ra6+ Kh5 57.Ne5 g4 58.Ra3 Bf1 59.Ra4 g3+ 60.Kg1 Nd3 61.Nd7 Bh3 62.Nf6+ Kg6 63.Ne4 Nf4 64.Ra6+ Kh5 65.Nf6+ Kh4 66.Ra4 Kg5 67.Ne4+ Kg4 68.Nc3 Nh4,0
1.e4 e6 2.d4 d5 3.Nd2 c5 4.Ngf3 cxd4 5.Nxd4 Nc6 6.Bb5 Bd7 7.Nxc6 bxc6 8.Bd3 Bd6 9.Qe2 Ne7 10.e5 Bc7 11.O-O c5 12.c4 Bc6 13.Nf3 dxc4 14.Bxc4 O-O 15.Be3 Bxf3 16.Qxf3 Bxe5 17.Bxc5 Qc7 18.Bxe7 Qxe7 19.Qe2 Qc7 20.g3 Bxb2 21.Rab1 Bd4 22.Rfc1 Rac8 23.Qe4 Qd6 24.Kg2 g6 25.Rc2 Bb6 26.Bb3 Rxc2 27.Qxc2 Qd7 28.Qe2 Rc8 29.Rd1 Qc6+ 30.Qf3 Qxf3+ 31.Kxf3 Rc3+ 32.Ke2 g5 33.Rf1 Kg7 34.Rd1 g4 35.h3 Rf3 36.Rf1 h5 37.hxg4 hxg4 38.Ke1 a5 39.Ke2 Kf6 40.Ke1 Ke5 41.Ke2 f5 42.Ke1 Kd6 43.Ke2 e5 44.Bg8 Bd4 45.Bf7 e4 46.Bg8 Ke5 47.Bf7 e3 48.fxe3 Rxe3+ 49.Kf2 Kf6 50.Bh5 Kg5 51.Rh1 Re7+ 52.Kg2 Re2+ 53.Kf1 Rf2+ 54.Ke1 Rxa2,0
1.e4 e6 2.d4 d5 3.e5 c5 4.c3 Nc6 5.Nf3 Bd7 6.Be2 Nge7 7.O-O cxd4 8.cxd4 Nf5 9.Nc3 Rc8 10.Kh1 a6 11.Bg5 Qb6 12.Na4 Qa7 13.Be3 Be7 14.a3 b5 15.Nc3 O-O 16.Bd3 Nxe3 17.fxe3 b4 18.axb4 Nxb4 19.e4 Nxd3 20.Qxd3 dxe4 21.Nxe4 h6 22.Rfe1 a5 23.Qd2 Bc6 24.Qf4 Qb8 25.Re2 a4 26.Qg4 Qb5 27.Rae1 Bb4 28.d5 Bxe1 29.Nd4 Qd3 30.Rxe1 Bxd5 31.Nf6+ Kh8 32.Nxd5 Qd2 33.Rd1 Rc1 34.Nc3 Qe1+,0
1.e4 Nc6 2.Nf3 d6 3.d4 Nf6 4.Nc3 g6 5.h3 Bg7 6.Be3 O-O 7.Qd2 a6 8.Bd3 e5 9.dxe5 Nxe5 10.Nxe5 dxe5 11.O-O-O b5 12.g4 c6 13.f3 Be6 14.h4 Qa5 15.a3 Rfb8 16.Bc5 h5 17.Bd6 Rb7 18.Kb1 Rd8 19.Bb4 Qc7 20.Ne2 Rd7 21.Bc5 hxg4 22.Ng3 gxf3 23.h5 Qd8 24.hxg6 fxg6 25.Qg5 Kf7 26.Nf5 Nxe4 27.Nh6+ Bxh6 28.Qxh6 Bf5 29.Ka2 Qg8 30.Bxe4 Bxe4 31.Rde1 Kf6+ 32.b3 Rh7 33.Qe3 Rxh1 34.Rxh1 Qd5 35.Kb2 Rd7 36.Rh8 Bf5 37.Rf8+ Rf7 38.Re8 Qe4 39.Qd2 Kg7 40.Bf2 Qe2,0
1.d4 Nf6 2.c4 e6 3.Nc3 d5 4.Nf3 Bb4 5.e3 O-O 6.a3 Bxc3+ 7.bxc3 c5 8.Bd3 dxc4 9.Bxc4 Qc7 10.Nd2 Nc6 11.O-O Rd8 12.f4 Nd5 13.Bxd5 exd5 14.Qh5 cxd4 15.cxd4 Ne7 16.Nf3 Bf5 17.Bd2 f6 18.Nh4 Be4 19.f5 Rac8 20.Bb4 a5 21.Bxe7 Qxe7 22.Rf4 Rc3 23.Re1 Qxa3 24.Rg4 Rc1 25.Rxc1 Qxe3+ 26.Kf1 Bd3#,0
1.d4 d5 2.c4 e6 3.Nc3 c5 4.Nf3 cxd4 5.Nxd4 Nf6 6.cxd5 Nxd5 7.Bd2 Be7 8.e4 Nxc3 9.Bxc3 O-O 10.Bd3 Qb6 11.O-O Rd8 12.Rc1 Bd7 13.Qh5 Be8 14.Rfd1 Nc6 15.Nxc6 Bxc6 16.Qg4 Bf8 17.h4 Rd7 18.h5 Rad8 19.Bc2 Rxd1+ 20.Rxd1 h6 21.Rxd8 Qxd8 22.a3 a6 23.g3 Qd6 24.Kf1 Qc5 25.Kg1 Qc4 26.Qf3 f5 27.Bd3 Qa4 28.Qe2 Bxe4 29.Bxe4 fxe4 30.Qg4 Qc4 31.Qg6 Qd5 32.Qe8 a5 33.a4 b6 34.Kh2 Qf5 35.Kg1 Kh7 36.Bd4 Bc5 37.Bxc5 bxc5 38.b3 Qg4 39.Kh2 Qf5 40.Kg1 e5 41.Qa8 e3 42.fxe3 Qb1+ 43.Kf2 Qc2+ 44.Kf3 Qd1+ 45.Kf2 Qxb3 46.Qxa5 Qc2+ 47.Kf3 Qf5+ 48.Kg2 e4 49.Qe1 Qxh5 50.a5 Qf7 51.Qa1 Qf3+ 52.Kh2 Qxe3 53.a6 Qf2+ 54.Kh3 Qf5+ 55.Kh2 e3,0
1.e4 c5 2.Nf3 e6 3.d4 cxd4 4.Nxd4 a6 5.Bd3 Bc5 6.Nb3 Ba7 7.Qe2 Nc6 8.Be3 d6 9.Nc3 Nf6 10.f4 b5 11.a3 e5 12.Bxa7 Rxa7 13.f5 Nd4 14.Nxd4 exd4 15.Qf2 dxc3 16.Qxa7 cxb2 17.Rb1 Qa5+ 18.Ke2 O-O 19.Qd4 Re8 20.Rhe1 Bxf5 21.Kf1 Bg6 22.Rxb2 Qxa3 23.Rb4 Qa5 24.Qxd6 h6 25.Rd4 Ng4 26.h3 Ne5 27.Qc5 Qd2 28.Rd5 f6 29.Qe3 Qa5 30.Qd4 Bf7 31.Rd6 Nc4 32.Ra1 Qd2 33.Bxc4 Qf4+ 34.Kg1 Bxc4 35.Rd8 Rxd8 36.Qxd8+ Kh7 37.Re1 Qe5 38.Qd7 Be6 39.Qd3 a5 40.c3 a4 41.Rb1 a3 42.Ra1 b4 43.Kf2 b3,0
1.e4 c6 2.d4 d5 3.f3 e6 4.Nc3 Nf6 5.e5 Nfd7 6.Nce2 c5 7.c3 Nc6 8.f4 Be7 9.Nf3 O-O 10.h4 f6 11.a3 a5 12.Ng3 Qb6 13.Bd3 cxd4 14.Ng5 h6 15.Nxe6 Ndxe5 16.Nxf8 Nxd3+ 17.Qxd3 Bxf8 18.Bd2 Bg4 19.Qg6 Qxb2 20.Rb1 Re8+ 21.Kf1 Qxd2 22.Qxe8 Qxf4+ 23.Kg1 Qxg3 24.Rxb7 Ne5,0
1.e4 c5 2.Nf3 Nc6 3.Bb5 g6 4.O-O Bg7 5.c3 Nf6 6.Re1 O-O 7.d4 d5 8.e5 Ne4 9.Be3 cxd4 10.cxd4 Qb6 11.Bxc6 Qxc6 12.Nfd2 Be6 13.Nb3 f5 14.f3 f4 15.Bc1 Rad8 16.Qe2 Ng5 17.h4 Ne4 18.fxe4 dxe4 19.Qxe4 Bd5 20.Qd3 f3 21.Be3 fxg2 22.N1d2 Qe6 23.Bf2 Rf3 24.Qxf3 Bxf3 25.Nxf3 Qh3 26.Nh2 Bh6 27.Re4 Rf8 28.Rae1 Rxf2 29.Kxf2 Qxh2 30.Rg1 Qh3 31.Re2 a5 32.Rxg2 a4 33.Nd2 Qxh4+ 34.Kf1 Qxd4 35.Nf3 Qd5 36.Rgf2 Qxa2 37.Rc2 Qd5 38.Rc8+ Kg7 39.Kg2 Qe4 40.Rfc2 Qg4+ 41.Kf2 Bf4 42.R2c3 Qg3+ 43.Kf1 Bxe5,0
1.d4 d5 2.c4 c6 3.Nc3 Nf6 4.e3 e6 5.Nf3 Nbd7 6.Qc2 b6 7.Be2 Bb7 8.O-O Bd6 9.e4 dxe4 10.Nxe4 Nxe4 11.Qxe4 Nf6 12.Qh4 c5 13.Rd1 Qc7 14.Be3 h6 15.dxc5 Bxc5 16.Nd4 a6 17.a3 Rd8 18.b4 Bd6 19.Rac1 O-O 20.Nb3 Be5 21.c5 Rxd1+ 22.Bxd1 Rd8 23.Be2 b5 24.c6 Ba8 25.Na5 Nd5 26.Bf3 Nxe3 27.fxe3 Rd3 28.Be4 Rxe3 29.Bb1 Rxa3 30.Rd1 Bf6 31.Qe4 g6 32.Kh1 Rc3 33.Qg4 h5 34.Qe2 Bxc6,0
1.e4 c5 2.Nf3 e6 3.d4 cxd4 4.Nxd4 Nc6 5.Nc3 Qc7 6.Be3 a6 7.g4 Nxd4 8.Qxd4 b5 9.O-O-O Bb7 10.Kb1 Nf6 11.f3 Rc8 12.g5 Nh5 13.Qd2 Be7 14.Bh3 b4 15.Ne2 d5 16.Bg4 g6 17.Bxh5 gxh5 18.Nf4 dxe4 19.Nxh5 exf3 20.Bf4 Qd8 21.Qe3 Bd5 22.Nf6+ Bxf6 23.gxf6 Rg8 24.Rhe1 Rg2 25.Qa7 Qd7 26.Qd4 Rcxc2 27.Bc1 Rxc1+ 28.Kxc1 Qc6+ 29.Kb1 Qa4 30.Rd2 Bxa2+,0
1.c4 g6 2.Nc3 c5 3.Nf3 Bg7 4.e3 Nf6 5.d4 cxd4 6.exd4 O-O 7.d5 e6 8.Be2 exd5 9.cxd5 d6 10.h3 Re8 11.O-O Nbd7 12.Be3 Rxe3 13.fxe3 Qe7 14.Kh2 Nc5 15.Qd2 Bd7 16.Bd3 Re8 17.Rae1 Bh6 18.b4 Nce4 19.Bxe4 Nxe4 20.Qd4 Nxc3 21.Qxc3 Bb5 22.Rf2 Bg7 23.Qc2 h5 24.a4 Bd7 25.e4 Rc8 26.Qb3 Rc3 27.Qd1 Rc4 28.e5 dxe5 29.d6 Qf6 30.Qd5 Rc6 31.Qxe5 Qxd6 32.Qxd6 Rxd6 33.Ng5 Bf6 34.Ne4 Be5+ 35.Kh1 Rd4 36.Rd2 Bxa4 37.Rxd4 Bxd4 38.Nd6 Bc3 39.Re4 b5 40.Re8+ Kg7 41.Re7 Bxb4 42.Rxf7+ Kh6 43.Ne4 a5 44.h4 Bb3 45.Ra7 a4 46.g4 hxg4 47.Nf6 g5 48.h5 Bc2 49.Kg2 Bc3 50.Ng8+ Kxh5 51.Ra6 Be4+ 52.Kg3 Be5+ 53.Kf2 g3+ 54.Ke3 g2,0
1.e4 c5 2.Nf3 e6 3.c3 d5 4.exd5 exd5 5.d4 Nc6 6.Bb5 Bd6 7.O-O Nf6 8.dxc5 Bxc5 9.Nd4 O-O 10.Be3 Qd6 11.h3 Bb6 12.Nd2 Nxd4 13.cxd4 Bf5 14.Nf3 Rac8 15.Bd3 Ne4 16.Qb3 Rce8 17.Ne5 f6 18.Nf3 g5 19.Rfc1 h5 20.Nd2 Kg7 21.Bxe4 Bxe4 22.Nxe4 Rxe4 23.a4 Rf7 24.Rc8 Bc7 25.Rc1 Qh2+ 26.Kf1 Bf4 27.Qxd5 Qh1+ 28.Ke2 Qxg2 29.Kd1 Qf3+ 30.Kc2 Rxe3,0
1.e4 c5 2.Nf3 Nc6 3.Bb5 g6 4.O-O Bg7 5.c3 Nf6 6.Re1 O-O 7.d4 d5 8.e5 Ne4 9.Be3 cxd4 10.cxd4 Qb6 11.Qe2 Bd7 12.Ba4 Rac8 13.Nc3 Nxc3 14.bxc3 Qd8 15.Bb3 Na5 16.Rac1 Nxb3 17.axb3 Qb6 18.Qa2 a5 19.Qa3 Rfe8 20.c4 dxc4 21.bxc4 Qa6 22.c5 Bc6 23.Rb1 a4 24.Rec1 Rcd8 25.Nd2 Qe2 26.f3 Rxd4 27.Bxd4 Qxd2 28.Rd1 Qf4 29.Qb4 e6 30.Bc3 Qxb4 31.Bxb4 Bxe5 32.Ba3 Bf6 33.Kf2 Be7 34.Rb6 Rc8 35.Rd2 f6 36.f4 e5 37.fxe5 fxe5 38.Re2 Rf8+ 39.Ke1 Rf5 40.Rb1 e4 41.Rc1 Bh4+ 42.g3 Bg5 43.Rb1 Rf3 44.Bc1 Bf6 45.Rb6 Rf5 46.Ba3 Kf7 47.Rf2 Rf3 48.Rxf3 exf3 49.Kf1 Bd4,0
1.d4 d5 2.c4 e6 3.Nf3 dxc4 4.e3 a6 5.Bxc4 Nf6 6.O-O c5 7.b3 b6 8.Ba3 Nbd7 9.d5 exd5 10.Bxd5 Rb8 11.Bb2 Be7 12.Nc3 O-O 13.Qc2 b5 14.Rfd1 Qc7 15.a4 h6 16.axb5 axb5 17.Qe2 Qb6 18.e4 Re8 19.Qd2 Bf8 20.Qf4 b4 21.Na4 Nxd5 22.Rxd5 Qe6 23.Rad1 Ra8 24.Qc1 Qxe4 25.h3 Ra7 26.Qd2 Qg6 27.Nh4 Qe6 28.Nf5 c4 29.Qd4 Nf6 30.Nb6 c3 31.Nxc8 Qxd5 32.Qxd5 Nxd5 33.Nxa7 cxb2 34.Rb1 Re2,0
1.e4 e5 2.Nc3 Nc6 3.Bc4 Nf6 4.d3 Na5 5.Bb3 Nxb3 6.axb3 d5 7.exd5 Nxd5 8.Qh5 Nb4 9.Qxe5+ Be7 10.Qe2 O-O 11.Be3 Re8 12.Nf3 a5 13.h3 b6 14.O-O Bb7 15.Rac1 Bf6 16.d4 Qd7 17.Rfd1 Rad8 18.Qb5 Qc8 19.Qh5 h6 20.Qg4 Qxg4 21.hxg4 Rd7 22.Rd2 g5 23.Nd1 Rdd8 24.c3 Nd5 25.Nh2 Kg7 26.Nf1 Kg6 27.f3 h5 28.gxh5+ Kxh5 29.Bf2 Kg6 30.Nde3 Be7 31.Nxd5 Bxd5 32.c4 Be6 33.d5 Bb4 34.Rdd1 Bd7 35.Ne3 f5 36.Nc2 Bd6 37.Nd4 g4 38.g3 gxf3 39.Nxf3 Re2 40.Rd2 Rxd2 41.Nxd2 Re8 42.Rd1 f4 43.gxf4 Bxf4 44.Nf3 Re2 45.Bd4 Bg4 46.Rf1 Kf5 47.d6 cxd6 48.Bxb6 Bxf3 49.Rxf3 Rxb2 50.Bd4 Rb1+ 51.Kf2 Ke4 52.Bg7 Rh1 53.Rc3 Rh2+ 54.Kf1 Be3 55.c5 dxc5 56.Rc4+ Kf3,0
1.e4 e5 2.Nf3 Nc6 3.Bb5 a6 4.Ba4 Nf6 5.O-O Be7 6.Re1 b5 7.Bb3 O-O 8.c3 Na5 9.Bc2 d5 10.d4 dxe4 11.Nxe5 c5 12.Be3 Bb7 13.Nd2 Rc8 14.h3 Re8 15.Ng4 Nd5 16.Bxe4 Nxe3 17.Nxe3 cxd4 18.cxd4 Bxe4 19.Nxe4 Bb4 20.Nc3 Rxc3 21.bxc3 Bxc3 22.Re2 Bxa1 23.Qxa1 Nc4 24.Qe1 Nd6 25.Nd5 Rxe2 26.Qxe2 Kf8 27.Ne3 g6 28.Qf3 Kg7 29.Qd5 Qf6 30.a3 Qe6 31.Qc5 Ne4 32.Qc2 h5 33.Qd3 Nd6 34.Qd2 Qf6 35.Nd5 Nc4 36.Qc3 Qd6 37.Nb4 a5 38.Nc2 a4 39.Qd3 h4 40.d5 Qe5 41.Ne3 Qa1+ 42.Kh2 Qe5+ 43.Kg1 Nxe3 44.fxe3 b4 45.d6 Qa1+ 46.Kf2 bxa3 47.d7 Qf6+ 48.Ke2 a2 49.d8=Q Qxd8 50.Qxd8 a1=Q 51.Qxh4 a3,0
1.c4 Nf6 2.Nf3 c5 3.Nc3 e6 4.e3 d5 5.d4 a6 6.cxd5 exd5 7.g3 c4 8.Bg2 Bb4 9.Bd2 O-O 10.Ne5 Nc6 11.O-O Re8 12.Nxc6 bxc6 13.b3 a5 14.bxc4 Ba6 15.Qc2 Bxc4 16.Rfb1 Bxc3 17.Bxc3 Ne4 18.Be1 h5 19.Qd1 h4 20.g4 a4 21.a3 Bb3 22.Qe2 Re6 23.Rc1 Qg5 24.f4 Qe7 25.Bb4 Qc7 26.f5 Ree8 27.Qe1 Qd8 28.Rxc6 h3 29.Bxh3 Qg5 30.Qe2 Rac8 31.Rac1 Bc4 32.Rxc8 Bxe2 33.Rxe8+ Kh7 34.Bd2 Bxg4 35.Bg2 Bf3,0
1.e4 e5 2.Nf3 Nc6 3.Bb5 a6 4.Ba4 Nf6 5.O-O Be7 6.Re1 b5 7.Bb3 O-O 8.a4 Bb7 9.d3 Re8 10.Bd2 b4 11.Bg5 Na5 12.Ba2 h6 13.Bh4 d6 14.Nbd2 c5 15.Bxf6 Bxf6 16.Nc4 Nxc4 17.Bxc4 a5 18.g3 g6 19.h4 h5 20.Nd2 Bg7 21.Nf1 Bh6 22.Qf3 Rf8 23.Ne3 Ra7 24.Nd5 Kg7 25.Rf1 f5 26.exf5 Rxf5 27.Qe2 Bc6 28.Rae1 Qa8 29.Ne3 Bf3 30.Qd2 d5 31.Ba2 Rf8 32.c3 d4 33.cxd4 exd4 34.Qc2 dxe3 35.fxe3 Rc7 36.Qc4 Bg4 37.Rxf8 Qxf8 38.d4 Kh7 39.e4 Bg7 40.Rf1 Bxd4+ 41.Kg2 Qc8 42.Rf7+ Rxf7 43.Qxf7+ Bg7 44.e5 Qf5,0
1.c4 Nf6 2.Nc3 e5 3.g3 Bb4 4.Nf3 e4 5.Nd4 Nc6 6.Nc2 Bxc3 7.dxc3 h6 8.Bg2 d6 9.h3 b6 10.Ne3 Bb7 11.Nd5 Ne5 12.Bf4 O-O 13.b3 Re8 14.Be3 a5 15.a4 Ned7 16.g4 Nc5 17.Rb1 Nxd5 18.cxd5 f5 19.Qd2 Re5 20.c4 Qh4 21.Bf4 Re7 22.Kf1 Rf8 23.g5 e3 24.Bxe3 Ne4 25.Qd3 f4 26.Bd4 Nxg5 27.f3 Bc8 28.Qd2 Nxh3 29.Qe1 Qxe1+ 30.Kxe1 Ng5 31.Rh4 Bf5 32.Rb2 Bd7 33.Kf2 Ref7 34.Rd2 Re8 35.Bf1 Nh7 36.Bc3 Nf8 37.Rd4 Ng6 38.Rh1 Kh7 39.Bd2 Ref8 40.Bg2 Ne5 41.Ra1 g5 42.b4 axb4 43.Bxb4 Ra8 44.a5 bxa5 45.Rxa5 Rxa5 46.Bxa5 c5 47.dxc6 Nxc6 48.Rd5 Be6 49.Rxd6 Nxa5 50.Rxe6 Nxc4 51.Bh3 Ne3 52.Bg4 Ra7 53.Ke1 Ra1+ 54.Kd2 Nxg4 55.fxg4 Rg1 56.Kd3 Rxg4 57.Ke4 Rg3 58.Kf5 Re3 59.Ra6 Rxe2 60.Kf6 Re8 61.Ra7+ Kg8 62.Rg7+ Kh8 63.Rf7 Rg8 64.Kf5 g4 65.Rf6 g3 66.Rxh6+ Kg7 67.Rh1 g2 68.Rg1 f3 69.Kf4 Rf8+ 70.Ke3 Kg6 71.Kf2 Kg5 72.Ra1 Kg4 73.Ra7 Rh8 74.Rg7+ Kh3 75.Kg1 f2+ 76.Kxf2 Rf8+,0
1.e4 e5 2.Nf3 Nc6 3.Bc4 Nf6 4.d3 Bc5 5.Bg5 h6 6.Bh4 d6 7.c3 a5 8.Nbd2 Ba7 9.a4 O-O 10.h3 g5 11.Nxg5 hxg5 12.Bxg5 Kg7 13.Qf3 Be6 14.Nf1 Rh8 15.Ne3 Qe7 16.O-O-O Rag8 17.Rhf1 Nb8 18.d4 exd4 19.cxd4 Nbd7 20.e5 dxe5 21.d5 Qb4 22.Qe2 Bxh3 23.gxh3 Kf8 24.h4 Bd4 25.Rxd4 exd4 26.Nf5 Rxg5 27.hxg5 Ne5 28.Bb5 Nfg4 29.Kb1 Kg8 30.Nh6+ Nxh6 31.Qxe5 Ng4 32.Qxc7 Kg7 33.g6 Rf8 34.gxf7 d3 35.Rg1 Rxf7 36.Qc3+,1
1.e4 c5 2.Nf3 d6 3.d4 cxd4 4.Nxd4 Nf6 5.Nc3 Nc6 6.Bg5 g6 7.Bxf6 exf6 8.Bb5 Bd7 9.Bc4 Bg7 10.Nxc6 Bxc6 11.O-O O-O 12.Qd3 Rc8 13.Nd5 Re8 14.c3 Bd7 15.Bb5 Bc6 16.Bc4 Bd7 17.Rfe1 f5 18.Bb3 fxe4 19.Rxe4 Bf5 20.Rxe8+ Qxe8 21.Qd2 Be6 22.Rd1 Qd7 23.h3 b5 24.Qf4 Rc5 25.Ne3 Be5 26.Qe4 Kg7 27.f4 Bf6 28.g4 h6 29.Bd5 Bxd5 30.Nxd5 Rc4 31.Qf3 Qe6 32.f5 gxf5 33.Nf4 Qe5 34.Nh5+ Kg6 35.Rxd6 Kg5 36.Rd5 Qe1+ 37.Kg2 Be7 38.Rxf5+ Kh4 39.Qg3+,1
1.d4 Nf6 2.c4 e6 3.Nf3 b6 4.g3 Ba6 5.Qc2 Bb7 6.Bg2 c5 7.d5 exd5 8.cxd5 Nxd5 9.O-O Be7 10.Rd1 Nc6 11.Qf5 Nf6 12.e4 d6 13.e5 Qd7 14.Qxd7+ Nxd7 15.exd6 Bf6 16.Re1+ Kf8 17.Nc3 Nb4 18.Ne5 Nxe5 19.Bxb7 Rd8 20.Rd1 Nc4 21.d7 Nc2 22.Rb1 Nd4 23.b4 Rxd7 24.Bd5 Nd6 25.bxc5 bxc5 26.Ba3 Ke7 27.Bxc5 Ne6 28.Bb4 a5 29.Bxa5 Rc8 30.Na4 Nc4 31.Rbc1 Be5 32.Bb4+ Kf6 33.Nc5 Nxc5 34.Rxc4 Rdc7 35.Ba5,1
1.d4 Nf6 2.c4 e6 3.Nf3 d5 4.Nc3 Bb4 5.Bg5 h6 6.Bxf6 Qxf6 7.e3 O-O 8.Rc1 dxc4 9.Bxc4 c5 10.O-O cxd4 11.Ne4 Qe7 12.a3 Ba5 13.exd4 Rd8 14.Rc2 Bd7 15.Re2 Bc6 16.Qc2 Bb6 17.Rfe1 Kh8 18.Neg5 hxg5 19.Rxe6 fxe6 20.Rxe6 Qxe6 21.Bxe6 Bxf3 22.Qf5 Be4 23.Qxe4 Rxd4 24.Qf3 g4 25.Qf8+ Kh7 26.Bf5+ Kh6 27.Bc2,1
1.e4 Nc6 2.Nf3 d6 3.d4 Nf6 4.Nc3 g6 5.Be3 Bg7 6.Qd2 O-O 7.d5 Nb8 8.Bh6 c6 9.O-O-O Bg4 10.h4 Nbd7 11.h5 Bxh5 12.Bxg7 Kxg7 13.e5 dxe5 14.dxc6 bxc6 15.Rxh5 gxh5 16.Nxe5 Nxe5 17.Qg5+ Ng6 18.Rxd8 Rfxd8 19.Qc5 Rd6 20.b3 h4 21.a4 Re6 22.Kb2 a5 23.Bd3 h6 24.Ne2 Ne5 25.Bf5 Ned7 26.Qc4 Nb6 27.Qd3 Re5 28.Bh3 Nbd5 29.Nd4 e6 30.Nxc6 Rg5 31.Qd4 Ra6 32.Ne5 Rb6 33.c4 Rb4 34.Nc6 e5 35.Qa7 Nf4 36.Nd8 Nh7 37.Nxf7 Kf6 38.Nxg5 Nxg5 39.Qxa5 Ne4 40.Qd8+ Kf7 41.a5 Nxf2 42.a6 N2d3+ 43.Kc3 e4 44.a7 Ne2+ 45.Kd2,1
1.e4 e5 2.Nf3 Nc6 3.Bc4 Bc5 4.O-O Nf6 5.d3 a6 6.c3 Ba7 7.a4 h6 8.Nbd2 d6 9.Re1 Ng4 10.Re2 Ne7 11.Nf1 Ng6 12.Ng3 O-O 13.h3 Nf6 14.Bb3 Re8 15.d4 Bd7 16.Re1 Qc8 17.Be3 Bc6 18.Bc2 a5 19.b4 axb4 20.cxb4 Nf4 21.Qd2 g5 22.dxe5 dxe5 23.Bxa7 Rxa7 24.Nf5 Kh7 25.h4 Qd7 26.Qe3 b6 27.b5 Bb7 28.Rad1 Qe6 29.Bb3 Qc8 30.Bxf7 Bxe4 31.Bxe8 Qxf5 32.Bd7 Qg6 33.Nxe5 Qg7 34.Qxe4+,1
1.e4 Nc6 2.Nf3 d6 3.d4 Nf6 4.Nc3 g6 5.Be2 Bg7 6.O-O O-O 7.d5 Nb8 8.h3 a6 9.a4 b6 10.Re1 Bb7 11.Bg5 c6 12.Qd2 Nbd7 13.Bf1 cxd5 14.exd5 Rc8 15.Be3 Re8 16.Bd4 Rc7 17.Rad1 Qa8 18.Kh1 Bf8 19.Be3 Rec8 20.Bg5 Rc5 21.Be3 Rxc3 22.bxc3 Ne4 23.Qd4 Nxc3 24.Rd3 Nxd5 25.Bg5 Rxc2 26.Rd2 Rc5 27.Nh2 Bg7 28.Qh4 Bc3 29.Ng4 Bxd2 30.Bxd2 h5 31.Nh6+ Kg7 32.Rxe7 Nxe7 33.Qxe7 Ne5 34.f4 Qf8 35.Qxb7 Nc6 36.f5 Qe7 37.Qxb6 g5 38.Qb2+ Ne5 39.h4 f6 40.hxg5 fxg5 41.Qb8 Qf6 42.Qg8+,1
1.e4 e5 2.Nf3 Nc6 3.Bb5 Nf6 4.d3 Bc5 5.c3 d6 6.d4 exd4 7.cxd4 Bb4+ 8.Bd2 Bxd2+ 9.Nbxd2 Bd7 10.O-O O-O 11.Re1 Re8 12.h3 Ne7 13.Bf1 c6 14.Qb3 Qb6 15.Qa3 Qc7 16.Nc4 Nc8 17.e5 dxe5 18.dxe5 Nd5 19.Rac1 h6 20.b4 Qd8 21.Qb2 Rb8 22.a3 a6 23.Rcd1 Qc7 24.Qd4 Bf5 25.Nh4 Bh7 26.Bd3 b5 27.Bxh7+ Kxh7 28.Na5 Nce7 29.Rc1 Rbd8 30.Qe4+ Kh8 31.Nf3 Qd7 32.Rc2 Ng6 33.Nxc6 Rc8 34.Rec1 Ngf4 35.Ncd4 Rxc2 36.Rxc2 f6 37.Rc5 fxe5 38.Nxe5 Nc3 39.Rxc3 Qxd4 40.Nf7+,1
1.e4 e5 2.Nf3 Nc6 3.Bc4 Bc5 4.O-O Nf6 5.d3 d6 6.c3 h6 7.Re1 O-O 8.Nbd2 a5 9.h3 Be6 10.b3 d5 11.exd5 Nxd5 12.Ne4 Bb6 13.Qd2 Qc8 14.Ng3 f6 15.d4 Qd7 16.Ba3 Rf7 17.Re4 a4 18.b4 Nf4 19.Bxe6 Nxe6 20.Rae1 Ng5 21.Nxg5 hxg5 22.b5 Na7 23.h4 Nxb5 24.hxg5 fxg5 25.Qxg5 Nxa3 26.Rh4 Re8 27.Qh5 Rf6 28.Ne4 Rf5 29.Ng5 Rxg5 30.Qxg5 c5 31.Qg6 Bd8 32.Rh7,1
1.Nf3 d5 2.g3 g6 3.Bg2 Bg7 4.O-O e5 5.d3 Nc6 6.e4 dxe4 7.dxe4 Qxd1 8.Rxd1 Bg4 9.c3 Nf6 10.Nbd2 O-O-O 11.Re1 Bh6 12.Nc4 Bxc1 13.Raxc1 Bxf3 14.Bxf3 Ne8 15.Rcd1 Nd6 16.Bg4+ Kb8 17.Nxd6 Rxd6 18.Rxd6 cxd6 19.Re3 Kc7 20.Rf3 Nd8 21.h4 d5 22.exd5 f5 23.Bh3 Kd6 24.c4 b6 25.g4 Nf7 26.gxf5 g5 27.Ra3 gxh4 28.Rxa7 Ng5 29.Kg2 Rc8 30.b3 b5 31.Ra6+ Kd7 32.f6+ Nxh3 33.Kxh3 bxc4 34.Rc6,1
1.e4 c6 2.d4 d5 3.e5 Bf5 4.Nf3 e6 5.Be2 c5 6.Be3 cxd4 7.Nxd4 Ne7 8.O-O Nd7 9.g4 Bg6 10.f4 Nc6 11.Nxc6 bxc6 12.f5 Qb8 13.fxg6 hxg6 14.Bf4 Bc5+ 15.Kg2 Nxe5 16.Nc3 g5 17.Bg3 f6 18.Na4 Bd6 19.c4 Ke7 20.Qc2 Rh6 21.Rac1 Qh8 22.cxd5 cxd5 23.Rf3 Rd8 24.Rb3 Rd7 25.Qc8 Qh7 26.Nc5 Bxc5 27.Qxc5+ Kf7 28.Qc8 Qe4+ 29.Bf3 Qd4 30.Bxe5 Qd2+ 31.Kg1,1
1.e4 e5 2.Nf3 Nf6 3.Nc3 Nc6 4.d4 exd4 5.Nxd4 Bb4 6.Nxc6 bxc6 7.Bd3 d5 8.exd5 O-O 9.O-O cxd5 10.h3 Be6 11.Qf3 c5 12.Rd1 Bxc3 13.bxc3 Qa5 14.Bg5 Ne4 15.Bxe4 dxe4 16.Qg3 Kh8 17.a4 Rfe8 18.Rd6 h6 19.Bf4 Re7 20.Qe3 Rc8 21.Bxh6 f6 22.Qxe4 Qxc3 23.Rad1 Rce8 24.Rd8 Bg8 25.Qh4 Qxc2 26.R1d3 Bh7 27.R3d7 g5 28.Qg3 Qb1+ 29.Kh2 Qf5 30.Rxe7 Rxd8 31.Qc7 Qf4+ 32.Qxf4 gxf4 33.Bg7+ Kg8 34.Bxf6 Bb1 35.Rg7+ Kf8 36.Bxd8 Kxg7 37.Bg5 f3 38.g4 c4 39.Kg3 Be4 40.Bd2,1
1.e4 c5 2.Nf3 d6 3.Bb5+ Bd7 4.Bxd7+ Qxd7 5.d3 Nc6 6.O-O e6 7.c3 d5 8.Qe2 O-O-O 9.Nbd2 Bd6 10.a3 Nge7 11.b4 Ng6 12.g3 f5 13.bxc5 Bxc5 14.e5 f4 15.Nb3 Bb6 16.a4 Qf7 17.a5 Bc7 18.d4 Qf5 19.Nc5 Bxa5 20.Qb5 Bb6 21.Rxa7,1
1.e4 e5 2.Nc3 Nc6 3.Bc4 Bc5 4.d3 Na5 5.Nf3 Nxc4 6.dxc4 d6 7.O-O Ne7 8.Na4 b6 9.a3 a5 10.c3 Bd7 11.b4 Bxa4 12.Qxa4+ b5 13.Qb3 axb4 14.cxb4 bxc4 15.Qxc4 Bb6 16.Rd1 Ng6 17.a4 O-O 18.a5 Ba7 19.Bd2 Kh8 20.Rac1 Rc8 21.Be3 Bxe3 22.fxe3 Nh4 23.Qe2 f5 24.exf5 Nxf5 25.e4 Ne7 26.Nxe5 Qe8 27.Nf3 Ng6 28.g3 Qe6 29.Nd4 Qh3 30.Rf1 Ne5 31.a6 h5 32.a7 h4 33.Rxf8+ Rxf8 34.Qh5+ Kg8 35.Qxh4 Qd7 36.Qh5 c5 37.Nf5 Qxa7 38.bxc5 dxc5 39.Kg2 Qa2+ 40.Kh3 Qe6 41.Rxc5 g6 42.Rxe5 Qxe5 43.Nh6+ Kh8 44.Qxe5+,1
1.e4 e5 2.Bc4 Nf6 3.d3 Bc5 4.Nc3 c6 5.Bb3 d6 6.h3 O-O 7.Nf3 a5 8.O-O Nbd7 9.a3 b5 10.Ba2 a4 11.Nh4 Ba7 12.Qf3 Nc5 13.Nf5 Bxf5 14.Qxf5 Re8 15.Bd2 Ne6 16.Ne2 d5 17.exd5 Nxd5 18.Rae1 Qd6 19.Qg4 Rad8 20.Ng3 Nd4 21.Bg5 Rb8 22.Be3 Qg6 23.c3 Nxe3 24.fxe3 Nb3 25.Ne4 Qxg4 26.hxg4 c5 27.Bxb3 axb3 28.c4 Red8 29.Rd1 Rd7 30.Kf2 h5 31.gxh5 f5 32.Nc3 b4 33.Nb5 f4 34.axb4 Bb6 35.exf4 cxb4+ 36.Kf3 exf4 37.d4 Rbd8 38.Rd3 Rc8 39.Rc1 Rd5 40.c5 Rg5 41.Nd6 Rc6,1
1.e4 e5 2.Nc3 Nf6 3.Bc4 Nxe4 4.Qh5 Nd6 5.Bb3 Be7 6.Nf3 Nc6 7.Nxe5 g6 8.Qe2 O-O 9.O-O Re8 10.Nd5 Bf6 11.Nxf7 Rxe2 12.Nxd8 Bxd8 13.Nxc7+ Kf8 14.Nxa8 b6 15.d3 Bb7 16.Bh6+ Ke8 17.Rfe1 Rxe1+ 18.Rxe1+ Ne7 19.Bf4 Nc8 20.Nc7+ Bxc7 21.Bxc7 d6 22.Be6 Kf8 23.Bd8,1
1.h3 e5 2.c4 Nf6 3.Nc3 Nc6 4.g4 h6 5.Bg2 Bb4 6.Nf3 e4 7.Nh4 d5 8.cxd5 Nxd5 9.Bxe4 Be6 10.Nf5 O-O 11.a3 Bc5 12.d4 Bb6 13.e3 Re8 14.O-O h5 15.Bg2 hxg4 16.hxg4 g6 17.Nh6+ Kg7 18.e4 Nxc3 19.bxc3 Bc4 20.Re1 Qh4 21.g5 Rad8 22.Qf3 Nxd4 23.cxd4 Bxd4 24.Bf4 Bxa1 25.Rxa1 Qh5 26.Qc3+,1
1.d4 d5 2.Nf3 Nf6 3.e3 c5 4.dxc5 e6 5.a3 Bxc5 6.Nbd2 O-O 7.b4 Be7 8.c4 a5 9.b5 b6 10.Bb2 Bb7 11.Be2 Nbd7 12.O-O Rc8 13.Rc1 Rc5 14.a4 Rc7 15.Nd4 Nc5 16.N2f3 dxc4 17.Ne5 Qa8 18.Ndc6 Nd5 19.Rxc4 f6 20.Bg4 fxe5 21.Rxc5 Nxe3 22.Nxe7+ Rxe7 23.Qd6 Qd8 24.Bxe6+ Kh8 25.Qxd8 Rxd8 26.fxe3 bxc5 27.Bc4 h6 28.Bc3 Be4 29.Rc1 Red7 30.Be2 Kh7 31.h4 c4 32.h5 Bd3 33.Bf3 Rf7 34.Bxe5 Re8 35.Bd4 g5 36.hxg6+ Kxg6 37.Kf2 h5 38.Kg3 Kg5 39.Rh1 c3 40.Rxh5+ Kg6 41.Rc5 c2 42.Bh5+ Kh7 43.Bxf7 Rf8 44.Rh5#,1
1.a3 g5 2.e4 c5 3.d4 cxd4 4.Qxd4 Nf6 5.Bxg5 Nc6 6.Qd3 Qb6 7.Bc1 Ng4 8.Nh3 d6 9.Nc3 Nge5 10.Qb5 Qxb5 11.Bxb5 Bxh3 12.gxh3 a6 13.Be2 Nd4 14.Kd1 Nxe2 15.Nxe2 Rc8 16.b3 Rg8 17.Be3 b5 18.a4 b4 19.a5 e6 20.Ra2 Be7 21.Ng3 Kd7 22.Ke2 Bd8 23.Rd1 Rb8 24.f4 Nc6 25.Bc5 Bc7 26.Bxd6 Bxd6 27.e5 Kc7 28.exd6+ Kd7 29.Ne4 Rg2+ 30.Kf3 Rxh2 31.Nc5+ Ke8 32.Rg1,1
1.e4 e5 2.Nf3 Nc6 3.Bb5 a6 4.Ba4 Nf6 5.O-O Nxe4 6.d4 b5 7.Bb3 d5 8.dxe5 Be6 9.c3 Bc5 10.Nbd2 O-O 11.Bc2 Nxf2 12.Rxf2 Bxf2+ 13.Kxf2 f6 14.Nf1 fxe5 15.Kg1 Qd6 16.Be3 Bf5 17.Bb3 Rad8 18.Qe1 Na5 19.Qf2 Nb7 20.Re1 c5 21.Ng3 Bd3 22.Qd2 c4 23.Bd1 Rd7 24.Bf2 Rdf7 25.Nh1 e4 26.Nd4 Qg6 27.h4 Nc5 28.h5 Qd6 29.Bg4 h6 30.Qe3 Qf4 31.Qxf4 Rxf4 32.Ne6 Nxe6 33.Bxe6+ Kh7 34.Bxd5 R8f5 35.Bc6 Rxh5 36.Bd4 Rhf5 37.Nf2 Rf7 38.b4 h5 39.a4 bxa4 40.Bxa4 h4 41.Be3 R4f5 42.Ra1 h3 43.Ra2 hxg2 44.Bd1 R7f6 45.Bg4 Rd5 46.Kxg2 Rg6 47.Kg3 Bf1 48.Bd4 Bd3 49.Kf4 Kg8 50.Bf5 Rh6 51.Ng4 Rhd6 52.Ne3 Rb5 53.Bc5 Rf6 54.Ke5 Kf7 55.Nd5 Rxf5+ 56.Kxf5 e3+ 57.Ke5 e2 58.Bf2 Rb8 59.Be1 Re8+ 60.Kf4 g5+ 61.Kg3 Re6 62.Kf2 Rh6 63.Ke3 Re6+ 64.Kf2 Rh6 65.Ne3 Rf6+ 66.Kg3 Rf1 67.Ng2 Rf6 68.Bf2 Kg6 69.Ra5 Re6 70.Ne1 Bf5 71.Nf3 Rd6 72.Nd4 Bd3 73.Re5 Kf6 74.Nf3,1
1.e4 e5 2.Nf3 Nc6 3.Bb5 Nf6 4.d3 Bc5 5.Nbd2 Nd4 6.Nxd4 Bxd4 7.c3 Bb6 8.d4 c6 9.dxe5 cxb5 10.exf6 Qxf6 11.O-O O-O 12.Qh5 Qc6 13.Re1 Re8 14.Nf3 d5 15.exd5 Rxe1+ 16.Nxe1 Qc4 17.h3 Bd7 18.Qf3 Re8 19.Be3 Bxe3 20.fxe3 Re5 21.d6 Qd5 22.Rd1 Qxf3 23.Nxf3 Rxe3 24.Rd5 f6 25.Rc5 Re6 26.Rc7 Rxd6 27.Rxb7 a6 28.Nd4 h5 29.h4 g5 30.g3 Kf7 31.Kf2 Kg6 32.Ke3 Rd5 33.Ra7 Rd6 34.b3 Be6 35.Rc7 Rd5 36.Rc6 Re5+ 37.Kf2 Bd7 38.Rxa6 gxh4 39.gxh4 Re4 40.Rd6 Bc8 41.Rd8 Bg4 42.Rd5 Bc8 43.Rc5 Bd7 44.Rc7 Be8 45.Nf3 Re6 46.Ra7 Re4 47.Ra8 Kf7 48.Rd8 Re7 49.Rd2 Re4 50.Rd5 Kg6 51.a3 Re7 52.Nd4 Re4 53.Nxb5 Rxh4 54.Nd4 Rh2+ 55.Kg3 Rd2 56.c4 Rd3+ 57.Kh4 Bf7 58.Rd8 Rd1 59.a4 Rh1+ 60.Kg3 h4+ 61.Kg2 Rc1 62.a5 Kh5 63.Kf2 Kg4 64.Rf8 h3 65.Rxf7 h2 66.Rg7+ Kf4 67.Ne2+ Ke5 68.Ng3 Rc2+ 69.Kf3 Rc3+ 70.Kg2 Rxb3 71.a6 Ra3 72.a7 Kd4 73.Nf5+ Kxc4 74.Rb7 Kc5 75.Ne7,1
1.e4 e5 2.Nf3 Nc6 3.Bb5 a6 4.Ba4 Nf6 5.O-O Be7 6.Re1 b5 7.Bb3 O-O 8.h3 Bb7 9.d3 d5 10.exd5 Nxd5 11.a4 Nd4 12.Nbd2 Nxb3 13.Nxb3 Nb4 14.Nxe5 Qd5 15.f3 Bd6 16.d4 Rae8 17.axb5 axb5 18.Bd2 Nc6 19.Bf4 Kh8 20.Bh2 Nxe5 21.dxe5 Bxe5 22.Bxe5 Rxe5 23.Rxe5 Qxe5 24.Qd4 Qg5 25.Qc5 Qxc5+ 26.Nxc5 Bd5 27.Ra7 c6 28.Nd3 g6 29.Rc7 Ra8 30.Nb4 Kg7 31.Nxc6 Bxc6 32.Rxc6 Rd8 33.g4 Rd2 34.h4 h5 35.gxh5 gxh5 36.b4 Rd4 37.c3 Rxh4 38.Kg2 Rf4 39.Kg3 Rf5 40.f4 h4+ 41.Kxh4 Rxf4+ 42.Kg5 Rf3 43.Kg4 Rd3 44.Rc5 Kf6 45.Kf4 Ke6 46.Ke4 Rd8 47.Rxb5 Rd1 48.Rb6+ Kd7 49.Rf6 Ke7 50.Rf3 Ke6 51.Rd3 f5+ 52.Kd4 Rb1 53.Re3+ Kf6 54.Re8 f4 55.Rb8 Kf5 56.b5 f3 57.Ke3 Rb3 58.Kd3 Kg4 59.Kc2 f2 60.Rf8 Rxb5 61.Rxf2 Rc5,1
1.d4 Nf6 2.c4 e6 3.Nc3 d5 4.cxd5 exd5 5.Bg5 c6 6.Qc2 Be7 7.e3 Nbd7 8.Bd3 Nh5 9.Bxe7 Qxe7 10.O-O-O Nb6 11.h3 g6 12.Nf3 Ng7 13.g4 Be6 14.Ne2 O-O-O 15.Kb1 Kb8 16.Rc1 Ne8 17.Nf4 Nd6 18.a4 Ndc4 19.a5 Qb4 20.Qc3 Qxa5 21.Qxa5 Nxa5 22.Ng5 Rdf8 23.Bxg6 Nb3 24.Nfxe6 fxe6 25.Nxh7 Rfg8 26.Bd3 Nxc1 27.Kxc1 Rg7 28.Nf6 Rf7 29.g5 Rxf6 30.gxf6 Rf8 31.h4 Rxf6 32.h5 Rh6 33.Kd2 Kc7 34.Ke2 Kd6 35.Kf3 Ke7 36.Kg4 Kf6 37.Rh3 Nc8 38.Rf3+ Kg7 39.Bg6 Nd6 40.Kg5 a5 41.Rf4 Ne4+ 42.Bxe4 dxe4 43.Rxe4 Rf6 44.f4 Rf5+ 45.Kg4 Rb5 46.Rxe6 a4 47.Re7+ Kh6 48.Re8 Rxb2 49.Rh8+ Kg7 50.Ra8 b5 51.e4 Ra2 52.Ra7+ Kh6 53.Ra6 Kh7 54.Ra7+ Kh6 55.Ra6 Kh7 56.e5 b4 57.e6 b3 58.Kf5 Ra1 59.Rb6 Re1 60.Kf6 Re4 61.e7 Rxf4+ 62.Ke5 Rf1 63.Kd6 Re1 64.Kd7 c5 65.dxc5 Rd1+ 66.Kc7 Re1 67.Kd6 Rd1+ 68.Kc6 Re1 69.Rb4 b2 70.Rxb2 Rxe7 71.Ra2,1
1.d4 Nf6 2.c4 g6 3.Nc3 Bg7 4.e4 d6 5.Be2 O-O 6.Be3 e5 7.d5 Na6 8.h4 Nc5 9.Qc2 c6 10.h5 cxd5 11.cxd5 Qa5 12.h6 Bh8 13.f3 Bd7 14.Rb1 Na4 15.Qd2 Nxc3 16.bxc3 Qc7 17.g4 Bc8 18.Nh3 Nd7 19.Nf2 Bf6 20.O-O Be7 21.Kh2 Nc5 22.Nd3 b6 23.Nxc5 bxc5 24.f4 exf4 25.Bxf4 Bd7 26.c4 Rab8 27.Qc3 f6 28.Rb3 Rb6 29.g5 Rf7 30.Bc1 Qd8 31.Bb2 Qf8 32.Kg2 Bd8 33.Qf3 Bc8 34.Qe3 Rxb3 35.axb3 fxg5 36.Qc3 Rxf1 37.Qh8+ Kf7 38.Qxh7+ Ke8 39.Qxg6+ Ke7 40.Qxg5+ Rf6 41.h7 Kd7 42.Qg8,1
1.c4 e5 2.Nc3 Nf6 3.Nf3 Nc6 4.g3 d5 5.cxd5 Nxd5 6.Bg2 Bc5 7.O-O O-O 8.Qc2 Nf6 9.a3 Nd4 10.Nxd4 exd4 11.b4 Bb6 12.Na4 Re8 13.Nxb6 axb6 14.e3 d3 15.Qc3 Ne4 16.Qc4 Bf5 17.Bb2 Qd7 18.Bxe4 Bxe4 19.f3 Bc6 20.Rac1 Re7 21.Qf4 f6 22.Rc4 Rd8 23.Rfc1 Qe6 24.b5 Bxb5 25.Re4 Qf7 26.Rxe7 Qxe7 27.Rxc7 Rd7 28.Rc8+ Rd8 29.Bxf6 gxf6 30.Qg4+ Kf8 31.Rxd8+ Qxd8 32.Qb4+ Qe7 33.Qxb5 Qxa3 34.Kf2 Qc5 35.Qxd3 b5 36.Qc3 Qe7 37.Ke2 Kg7 38.Qd4 Qf7 39.Qg4+ Kh8 40.Qb4 Qe8 41.Qd6 Qf7 42.Qc5 Qe8 43.g4 Kg7 44.h4 Qd7 45.h5 Kg8 46.h6,1
1.e4 e5 2.Nf3 Nc6 3.Bb5 a6 4.Ba4 Nf6 5.O-O Nxe4 6.d4 b5 7.Bb3 d5 8.dxe5 Be6 9.Nbd2 Nc5 10.c3 Be7 11.Bc2 d4 12.Nb3 dxc3 13.Nxc5 Bxc5 14.Be4 Qd7 15.bxc3 Rd8 16.Qc2 Ne7 17.Bg5 h6 18.Rfd1 Qc8 19.Bxe7 Rxd1+ 20.Rxd1 Kxe7 21.Nd4 Re8 22.Bf3 g6 23.Qd2 Bxd4 24.cxd4 Bg4 25.d5 Bxf3 26.d6+ Kd7 27.gxf3 Re6 28.Rc1 c5 29.Qe3 c4 30.Qa7+ Ke8 31.Rd1 Qd7 32.Qa8+ Qd8 33.Qxa6 Kf8 34.Qxb5 Qg5+ 35.Kf1 Rxe5 36.Qxe5,1
1.b3 e5 2.Bb2 d6 3.c4 g6 4.d4 Nd7 5.dxe5 dxe5 6.Nf3 Bg7 7.e3 Ne7 8.Be2 O-O 9.Qd2 c6 10.Nc3 Nc5 11.Rd1 Qb6 12.Ba3 Re8 13.b4 Ne6 14.O-O Rd8 15.Qc2 Bd7 16.Qb3 Nf5 17.Ne4 h5 18.Bb2 Qc7 19.c5 b6 20.Bc3 bxc5 21.bxc5 Rdb8 22.Qa3 a5 23.Bc4 f6 24.h3 Kh8 25.g4 hxg4 26.hxg4 Nh6 27.Rd6 Nxg4 28.Kg2 Nf8 29.Rh1+ Nh7 30.Nxf6 Bxf6 31.Rxf6 Nxf6 32.Bxe5 Qd8 33.Ng5 Bh3+ 34.Rxh3 Rb7 35.Qc3,1
1.e4 c5 2.Nf3 d6 3.Nc3 Nf6 4.d4 cxd4 5.Qxd4 Nc6 6.Qe3 g6 7.Bc4 Bg7 8.h3 O-O 9.O-O Qc7 10.a4 a6 11.Qe2 e6 12.Be3 b6 13.Rfd1 Bb7 14.Bf4 Ne5 15.Bb3 Rfd8 16.Rd2 Nfd7 17.Nxe5 dxe5 18.Bg5 Nf6 19.Rxd8+ Rxd8 20.Bc4 Qc8 21.Bd3 Rd4 22.Be3 Rd6 23.Rd1 Nd7 24.f3 Nc5 25.Bc4 Rxd1+ 26.Qxd1 Bf8 27.Qe2 Be7 28.b3 h5 29.Nd1 Nd7 30.Kh2 Kg7 31.Qd2 Qc6 32.Qe2 Qc8 33.Nf2 Nc5 34.Kh1 Qc7 35.Qd2 Nxa4 36.Bxe6 Nc5 37.Bd5 a5 38.Nd3 Nxd3 39.Qxd3 Bxd5 40.exd5 Bd6 41.c4 f5 42.Bd2 Qc5 43.Qe3 Qxe3 44.Bxe3 Bc5 45.Bg5 Kf7 46.g4 Be7 47.Bd2 Bc5 48.Kg2 hxg4 49.hxg4 Ke7 50.Kg3 Bd4 51.Kh4 Kf6 52.Bg5+ Kf7 53.gxf5 gxf5 54.Kh5 Bc5 55.Bh4 Be3 56.Bd8 Kg7 57.Bg5 Bc5 58.Bh4 Kf7 59.Bg5 Bf2 60.Bd8 Be3 61.Bc7 Kf6 62.Bd6 Bf2 63.Bb8 Bc5 64.Bc7 Be3 65.Bd6 Bf2 66.Ba3 Be3 67.Bb2 Bd4 68.Bc1 Bf2 69.Bd2 Bd4 70.Be1 Bc5 71.Bc3 Bd4 72.Bd2 Bf2 73.Bc1 Bd4 74.Bg5+ Kf7 75.Bh4 Bc5 76.Bg3 Kf6 77.Be1 Be3 78.Bh4+ Kf7 79.Bd8 Kg7 80.Be7 Kf7 81.Bd6 Kf6 82.Bc7 f4 83.Kg4 Bc5 84.Bd8+ Kg6 85.Bh4 Bd6 86.Bg5 Bf8 87.Bd8 Bc5 88.d6 Bxd6 89.Bxb6 Bb4 90.Bd8 Bc3 91.c5 Kf7 92.Kf5 Ke8 93.Bc7 Kd7 94.Bxe5 Bb4 95.Bxf4 Bxc5 96.Bd2 Bb6 97.Ke4 Kc6 98.f4 Bd8 99.f5 Kb5 100.Kd5 Bf6 101.Ke6 Bd4 102.Kd6 Bb2 103.Kd5 Bf6 104.Be1 Bg7 105.Ke4 Bf6 106.Kd3 Bg5 107.Bc3 Be7 108.Ke4 Bg5 109.Kd5 Bh4 110.Ke6 Bg5 111.Bf6 Bd2 112.Be7 Bc3 113.Ba3 Bg7 114.f6,1
1.e4 c6 2.d4 d5 3.exd5 cxd5 4.Bd3 Nf6 5.Nf3 Nc6 6.c3 Bg4 7.h3 Bh5 8.Bf4 e6 9.Nbd2 Bd6 10.Bxd6 Qxd6 11.O-O O-O 12.Re1 Qc7 13.a4 a6 14.Re3 Rab8 15.Qf1 Bg6 16.Bxg6 hxg6 17.Qd3 Rfc8 18.Nb3 Nd7 19.Ng5 Qf4 20.Rg3 b5 21.Rg4 Qf5 22.Qg3 Nf6 23.Rf4 Qc2 24.Nc5 Nh5 25.Qh4 Nxf4 26.Qxf4 f6 27.Ngxe6 bxa4 28.Nxa4 Qf5 29.Qd6 g5 30.Qd7 Qg6 31.Nb6 Qf7 32.Qxf7+ Kxf7 33.Nxc8 Kxe6 34.Na7 Nxa7 35.Rxa6+ Kf5 36.Rxa7 Rxb2 37.Rxg7 Rc2 38.Rc7 Ke4 39.Re7+ Kd3 40.Re3+ Kc4 41.g3 f5 42.h4 g4 43.Kg2 Ra2 44.Re5 Ra5 45.Rxf5 Kxc3 46.Rf4,1
1.e4 e5 2.Nf3 Nc6 3.Bc4 Nf6 4.d3 Be7 5.O-O O-O 6.Nc3 d6 7.a4 Bg4 8.h3 Bh5 9.Be3 Nd4 10.Bxd4 exd4 11.Nd5 Nxd5 12.Bxd5 c6 13.Bb3 Bxf3 14.Qxf3 g6 15.Qg4 Kg7 16.f4 Qc7 17.Rae1 Rae8 18.Qf3 Qd7 19.Re2 Bd8 20.Kh1 d5 21.exd5 Rxe2 22.Qxe2 Re8 23.dxc6 bxc6 24.Qf2 Qd6 25.g3 Re3 26.Re1 Bb6 27.Kg2 Qf6 28.Bc4 a5 29.Qf1 Bc5 30.Rxe3 dxe3 31.c3 Bb6 32.Qf3 Qe7 33.Kf1 Ba7 34.Ke2 Qb7 35.b3 Qe7 36.d4 c5 37.d5 Bb8 38.Qxe3 Qf8 39.Bb5 Qd6 40.Bc6 Bc7 41.Kd3 Qf6 42.Kc4 Bd6 43.Qe4 g5 44.fxg5 Qf1+ 45.Qd3 Qxh3 46.Kb5 Qg4 47.Kxa5 Qxg5 48.Kb5 Bxg3 49.a5 Bd6 50.a6 Qe7 51.Qf3 Bb8 52.Qg4+ Kh6 53.Qc8 Bf4 54.Qd7 Qe2+ 55.Kb6 c4 56.b4 Qe3+ 57.Kb5 Qxc3 58.a7 Qd3 59.a8=Q c3+ 60.Kb6 Qe3+ 61.Kb7 c2 62.Qf8+ Kg5 63.Qg7+,1
1.e4 e6 2.d4 d5 3.e5 c5 4.c3 Nc6 5.Nf3 Qb6 6.a3 Bd7 7.b4 cxd4 8.cxd4 Rc8 9.Bb2 Nge7 10.Nc3 Na5 11.Bd3 Nc4 12.Bc1 a5 13.O-O axb4 14.Rb1 Qa7 15.axb4 b5 16.h4 Qb6 17.Re1 h6 18.Re2 Bc6 19.Ra2 Bb7 20.Ra5 Bc6 21.Qe2 g6 22.Rba1 Nf5 23.Ra6 Qd8 24.g4 Nxh4 25.Nxh4 Qxh4 26.Bxc4 bxc4 27.Rxc6 Rxc6 28.Ra8+ Kd7 29.Qf3 f5 30.b5 Rc8 31.Nxd5 Qxg4+ 32.Qxg4 fxg4 33.Nb6+ Kc7 34.Nxc8 Kb7 35.Ra6 Kxc8 36.Rxe6 Kb7 37.Rxg6 c3 38.Rc6 Bb4 39.Bxh6 Rd8 40.Rc4 Ba5 41.e6 Kb6 42.e7 Re8 43.Bg5 Kxb5 44.Rc5+ Kb6 45.Rd5 Bb4 46.Rd8 Rxe7 47.Bxe7 Bxe7 48.Rc8 g3 49.Rxc3,1
1.e4 d6 2.d4 g6 3.Nf3 Bg7 4.Bc4 Nc6 5.h3 Nf6 6.Qe2 e5 7.dxe5 dxe5 8.O-O O-O 9.Rd1 Bd7 10.Nc3 Qc8 11.Bg5 Re8 12.Nd5 Nh5 13.Qd2 Be6 14.Bb5 f6 15.Bh6 Kh8 16.Bxg7+ Kxg7 17.Qc3 Bd7 18.Rd2 a6 19.Ba4 b5 20.Bb3 Ra7 21.Rad1 Nb8 22.Qc5 Qb7 23.g4 c6 24.Nb6 Nf4 25.Nxd7 a5 26.Nxb8 Rxb8 27.Qxa7 Qxa7 28.Rd7+ Qxd7 29.Rxd7+ Kh6 30.g5+ fxg5 31.Nxe5 g4 32.hxg4 Kg5 33.f3 h5 34.gxh5 gxh5 35.Nd3 a4 36.Bf7 h4 37.Kh2 Ne2 38.Be6 b4 39.Rf7 Nd4 40.f4+ Kh6 41.Bf5,1
1.e4 e5 2.Nf3 Nc6 3.Bc4 Bc5 4.d3 Nf6 5.a4 h6 6.O-O d6 7.Be3 Bxe3 8.fxe3 O-O 9.h3 Be6 10.Bxe6 fxe6 11.c3 d5 12.Nbd2 a5 13.Qb3 Qd6 14.exd5 Qxd5 15.e4 Qxb3 16.Nxb3 b6 17.Kf2 Rad8 18.Rad1 Rf7 19.Ke3 Nh5 20.Rf2 Nf4 21.h4 Kf8 22.g3 Nh5 23.Rg1 Ke7 24.Ne1 Rxf2 25.Kxf2 Nb8 26.Ke3 Nd7 27.Nf3 Nhf6 28.g4 Ne8 29.h5 Nd6 30.Nbd2 Rg8 31.Nh4 Nf8 32.Nhf3 Nd7 33.Nh4 Nf8 34.Rf1 g5 35.hxg6 Nxg6 36.Nhf3 Rh8 37.Rh1 Kf6 38.Rh5 Nf7 39.Nc4 Rd8 40.Rh2 Ng5 41.Nfxe5 Nxe5 42.Rf2+ Nef3 43.Nd2 Rg8 44.Nxf3 Nxf3 45.Rxf3+ Kg5 46.Rf7 c5 47.Rb7 Kxg4 48.Rxb6 h5 49.Rxe6 h4 50.Rh6 h3 51.e5 Rb8 52.Ke4 Rxb2 53.e6 Re2+ 54.Kd5 Re3 55.d4 Rxc3 56.dxc5 Rd3+ 57.Kc4 Re3 58.c6 Kg5 59.c7 Re1 60.Rxh3,1
1.e4 c5 2.c3 Nf6 3.e5 Nd5 4.Nf3 Nc6 5.d4 cxd4 6.Bc4 Nb6 7.Bb3 d6 8.exd6 Qxd6 9.O-O Bf5 10.Nxd4 Nxd4 11.cxd4 e6 12.Nc3 Be7 13.Qf3 O-O 14.d5 Bg6 15.dxe6 fxe6 16.Qe2 Kh8 17.Qxe6 Qxe6 18.Bxe6 Bc5 19.Be3 Bxe3 20.fxe3 Rfe8 21.Bb3 Rxe3 22.Rae1 Rxe1,0.5
1.e4 e5 2.Nf3 Nc6 3.Nc3 Nf6 4.Bb5 Nd4 5.Nxd4 exd4 6.e5 dxc3 7.exf6 Qxf6 8.dxc3 Bc5 9.Qe2+ Qe6 10.Bf4 Qxe2+ 11.Kxe2 c6 12.Bd3 d5 13.c4 dxc4 14.Bxc4 Bf5 15.Rhd1 O-O 16.Bd3 Be6 17.Kf1 Rfe8 18.b3 Rad8 19.Re1 h6 20.Rad1 Kf8 21.f3 Bb4 22.Re4 Bc5 23.Rde1 Bd5 24.Rxe8+ Rxe8 25.Bf5 Rxe1+ 26.Kxe1 Ke7 27.c4 Be6 28.Bxe6 Kxe6 29.h3 h5 30.Ke2 g6,0.5
1.e4 c5 2.c3 d5 3.exd5 Qxd5 4.d4 Nf6 5.Nf3 e6 6.Be2 cxd4 7.cxd4 Nc6 8.O-O Be7 9.Nc3 Qd6 10.Nb5 Qd8 11.Bf4 Nd5 12.Bg3 O-O 13.Rc1 Bd7 14.Nc3 Qb6 15.Bc4 Nf6 16.Na4 Qa5 17.Nc5 Bc8 18.a3 Qd8 19.Bb5 Qb6 20.a4 Rd8 21.Qe2 Rd5 22.Bxc6 Qxc6 23.b3 Rd8 24.Bh4 Qd5 25.Rfe1 b6 26.Ne4 Bb7 27.Bxf6 Bxf6 28.Nxf6+ gxf6 29.Qe3 Rac8 30.h3 Qf5 31.Nh2 Qg5 32.Ng4 Kg7 33.a5 Qxe3 34.Nxe3 Rxd4 35.Rxc8 Bxc8 36.Rc1 Bd7 37.Rc7 bxa5 38.Rxa7 a4 39.bxa4 Bxa4 40.Ra5 Kg6 41.g4 Bc6 42.Rc5 Be4 43.Kh2 Rd3 44.Kg3 f5 45.Kf4 f6 46.gxf5+ Bxf5 47.Nxf5 exf5 48.f3 Rd4+ 49.Kg3 Kg5 50.Rc2 h5 51.Ra2 f4+ 52.Kg2 Kh4 53.Kh2 Rd7 54.Rb2 Rd3 55.Kg2 Kg5 56.Rb5+ f5 57.Rb2 Kf6 58.h4 Ke5 59.Kf2,0.5
1.e4 c5 2.Nf3 b6 3.d4 cxd4 4.Nxd4 Bb7 5.Nc3 a6 6.Bg5 Qc7 7.Nd5 Qe5 8.Be3 e6 9.Nf3 Qxe4 10.Nc7+ Ke7 11.Nxa8 Bxa8 12.Qd4 b5 13.a4 Qxd4 14.Nxd4 b4 15.a5 Nf6 16.Nb3 Nd5 17.Ba7 Nc6 18.Bb6 g5 19.Bxa6 Bg7 20.Ra2 Rb8 21.Be2 Nxb6 22.axb6 Nd4 23.Nxd4 Bxd4 24.Bf3 Bxf3 25.gxf3 b3 26.cxb3 Rxb6 27.h4 h6 28.hxg5 hxg5 29.Ke2 Rxb3 30.Rd1 Bb6 31.Rd3 Rb5 32.b3 f5 33.Ra4 Bc5 34.b4 Bb6 35.Rb3 Kf6 36.Ra8 Bc5 37.Ra5 Rxb4 38.Rxb4 Bxb4 39.Ra7 d6 40.Rd7 Bc5 41.Rh7 Ke5 42.Rg7 Kf4 43.Rg6 e5 44.Rg8 Bd4 45.Rd8 Bc5 46.Ra8 g4 47.Ra4+ Bd4 48.fxg4 Kxg4 49.f3+ Kf4 50.Ra8 e4 51.fxe4 fxe4 52.Rf8+ Ke5 53.Re8+ Kd5 54.Kd2 Bc5 55.Ke2 Kd4 56.Ra8 d5 57.Ra4+ Ke5 58.Ra5 Bb6 59.Rb5 Bg1 60.Rb1 Bc5 61.Rh1 d4 62.Rh5+ Kd6 63.Rf5 Bb4 64.Rh5 Ke6 65.Rb5 Bd6 66.Rh5 Bf4 67.Rh3 Kd5 68.Rh5+ Ke6 69.Rh3 Kd6 70.Ra3 Kc5 71.Ra5+ Kb4 72.Rd5 Kc4 73.Rf5 d3+ 74.Kd1 Bg3 75.Rg5 Bf2 76.Rg4 Kd5 77.Rg8 Kd4 78.Rd8+ Ke3 79.Re8 Bh4 80.Re6 Bd8 81.Re8 Ba5 82.Re7 Bb4 83.Re8 Kf3 84.Rd8 Kf4 85.Rd7 Ke3 86.Rd8 Bc3 87.Rd7 Kf4 88.Rd8 Ke5 89.Rd7 Bb4 90.Rd8 Be7 91.Re8 Kd6 92.Kd2 Bg5+ 93.Kc3 Kd5 94.Ra8 Bf6+ 95.Kd2 Bg5+ 96.Kc3 Ke5 97.Rf8 Bf4 98.Rf7 Be3 99.Rf8 Bd4+ 100.Kd2 Bc5 101.Rf7 Kd4 102.Rf4 Bb4+ 103.Kd1 Bc3 104.Rh4 Kd5 105.Rh5+ Ke6 106.Rc5 Bd4 107.Ra5 Kd6 108.Ra8 Ke5 109.Re8+ Kf4 110.Rd8 Bc3 111.Rf8+ Ke3 112.Re8 Ba5 113.Re6 Kd4 114.Rd6+ Kc4 115.Re6 Kd5 116.Re8 Kd4 117.Ra8 Bc7 118.Rc8 Bf4 119.Rd8+ Kc3 120.Rc8+ Kb3 121.Rf8 Bh6 122.Rh8 Bg7 123.Re8 Kc3 124.Rxe4,0.5
1.d4 d5 2.Bf4 Nf6 3.e3 c5 4.c3 Nc6 5.Nd2 e6 6.Ngf3 Nh5 7.Bg5 f6 8.Bh4 g6 9.h3 cxd4 10.cxd4 Bd6 11.Bd3 O-O 12.O-O Bd7 13.Re1 Qb6 14.a3 Ng7 15.b4 Nf5 16.Bxf5 exf5 17.Nb3 Ne7 18.Nc5 Rad8 19.Rc1 Bc8 20.Qb3 Kg7 21.Nh2 g5 22.Na4 Qb5 23.Bg3 Bxg3 24.fxg3 Qd7 25.Rc2 Qd6 26.Nf1 b6 27.Nc3 Bd7 28.b5 Rc8 29.Rec1 Rc7 30.Ne2 Rfc8 31.Rxc7 Rxc7 32.Rxc7 Qxc7 33.Nd2 Be8 34.Kf2 Bf7 35.Qc3 Qd7 36.a4 Qc8 37.Qxc8 Nxc8 38.Nc1 Kf8 39.Na2 Be6 40.Nb4 Ne7 41.Nb1 Ke8 42.Nc3 Kd7 43.Ke1 Kd6 44.Kd2 Bc8 45.Kc2 Bd7 46.Nd3 Be6 47.Kb3 Nc8 48.Nb4 Ne7 49.Nd3 Nc8 50.a5 Kc7 51.Nb4 bxa5 52.Na6+ Kd6 53.Nc5 Nb6 54.Nb7+ Kc7 55.Nxa5 h6 56.Kb4 Bd7 57.Kc5 Be6 58.Nc6 Nd7+ 59.Kb4 a6 60.Ne7 axb5 61.Nxb5+ Kd8 62.Nc6+ Kc8 63.Ka5 Nf8 64.Nb4 Ng6 65.Nc3 f4 66.gxf4 gxf4 67.Nbxd5 fxe3 68.Nxe3 f5 69.d5 f4 70.Nc4 f3 71.dxe6 fxg2 72.Ne2 Kd8 73.Kb4 Nf4 74.Ng1 Ke7 75.Kc3 h5 76.Nd2 Kxe6 77.Kd4 h4 78.Ndf3 Nxh3 79.Nxh3 g1=Q+ 80.Nfxg1 Kd6 81.Nf3 Ke6 82.Kc5 Kd7 83.Kd5 Kc7 84.Ne5 Kb6 85.Kc4 Kb7 86.Kb5 Kc7 87.Nc4 Kd7 88.Kb6 Ke6 89.Kc6 Kf5 90.Ne3+ Ke4 91.Ng2 Ke5 92.Nxh4 Kf6 93.Ng5 Kxg5,0.5
1.Nf3 Nf6 2.c4 c5 3.Nc3 Nc6 4.e3 e6 5.d4 d5 6.a3 dxc4 7.Bxc4 a6 8.Bd3 cxd4 9.exd4 g6 10.Bg5 Bg7 11.Be4 Ne7 12.h4 h6 13.Bxf6 Bxf6 14.Qd2 Nd5 15.h5 g5 16.Ne5 Bg7 17.Bxd5 exd5 18.O-O Be6 19.Rae1 O-O 20.Re3 Bf5 21.Qd1 Re8 22.Rfe1 Be6 23.Na4 b6 24.Rb3 Qc7 25.Nxb6 Rab8 26.Na4 Rxb3 27.Qxb3 Bxe5 28.dxe5 Qa5 29.Qd1 Bg4 30.f3 Bd7 31.Nc3 Qc5+ 32.Kh2 d4 33.Re4 dxc3 34.Qxd7 c2 35.Qxe8+ Kg7 36.b4 Qc3 37.f4 c1=Q 38.f5 Qc7 39.f6+ Kh7 40.Qf8 Qxe5+ 41.Rxe5 Qf4+ 42.Kg1 Qc1+ 43.Kf2 Qf4+ 44.Ke2 Qxe5+ 45.Kd3 Qxf6 46.Qe8 Qf1+ 47.Kd4 Kg7 48.Qe5+ Kg8 49.Qb8+ Kg7 50.Qg3 Qd1+ 51.Kc5 Qxh5 52.Qe5+ Kg8 53.a4 Qd1 54.a5 Qg1+ 55.Qd4 Qxg2 56.b5 g4 57.bxa6 g3 58.a7 Qa8 59.Kd6 g2 60.Ke5 Qf3 61.Qd8+ Kh7 62.a8=Q Qc3+ 63.Qd4 Qxd4+ 64.Kxd4 g1=Q+ 65.Kd3 Qd1+ 66.Ke3 Qe1+ 67.Kd3 Qd1+,0.5
1.e4 c5 2.Nf3 d6 3.d4 cxd4 4.Nxd4 Nf6 5.Nc3 a6 6.h3 g6 7.g3 Nc6 8.Be3 Bg7 9.Bg2 O-O 10.O-O Nd7 11.b3 Nxd4 12.Bxd4 Bxd4 13.Qxd4 b6 14.Nd5 Bb7 15.c4 e5 16.Qe3 b5 17.Rac1 bxc4 18.Rxc4 Bxd5 19.exd5 a5 20.Rfc1 Nc5 21.a3 f5 22.b4 axb4 23.axb4 Nd7 24.Rc6 f4 25.gxf4 exf4 26.Qe6+ Rf7 27.Qxd6 Qg5 28.Kh1 f3 29.Bf1 Nf6 30.Qe6 Kg7 31.Rc7 Rxc7 32.Rxc7+ Kh6 33.Qe1 Ra2 34.Re7 Ng4 35.hxg4 Qh4+ 36.Kg1 Qxg4+ 37.Kh1 Qh4+ 38.Kg1 Qg4+ 39.Kh1 Qh4+ 40.Kg1 Qg4+,0.5
1.Nf3 d5 2.g3 c5 3.Bg2 Nc6 4.d4 e6 5.O-O cxd4 6.Nxd4 Bc5 7.Nxc6 bxc6 8.c4 Nf6 9.Qc2 Qe7 10.Nc3 O-O 11.Bf4 Ba6 12.Na4 Bb4 13.a3 Bd6 14.Bxd6 Qxd6 15.Rfd1 Qe7 16.b3 Rab8 17.Qc3 dxc4 18.bxc4 c5 19.Rd3 h6 20.Rad1 Rfc8 21.Rd6 Bb7 22.Qe3 Bxg2 23.Kxg2 Qc7 24.Nxc5 Ne8 25.Nxe6 Qb7+ 26.R6d5 fxe6 27.Qxe6+ Kh8 28.Qe4 Qc6 29.R1d4 Qa8 30.Re5 Qxe4+ 31.Rexe4 Rc7 32.Re5 Nf6 33.f3 Rbc8 34.Ra5 Nd7 35.Kf2 Nc5 36.Rd5 a6 37.g4 Rc6 38.h4 Kg8 39.Rf5 R8c7 40.h5 Nb7 41.Rad5 Rxc4 42.Rfe5 R4c5 43.Rxc5 Nxc5 44.f4 Kf7 45.Kf3 Nb7 46.Rd5 Ke6 47.Re5+ Kd6 48.e3 Nc5 49.g5 Ne6 50.gxh6 gxh6 51.Rf5 Ke7 52.Kg4 Rc3 53.Re5 Kf6 54.Rf5+ Kg7 55.Re5 Kf7 56.Rf5+ Ke7 57.Re5 Rc5 58.Re4 Kf6 59.Ra4 a5 60.e4 Nc7 61.Rd4 Ne6 62.Rd7 Nxf4 63.Kxf4 Rxh5 64.Rd6+ Ke7 65.Ra6 Rh4+ 66.Ke5 Rh5+ 67.Kd4 Rb5 68.e5 h5 69.Rh6 Rb3 70.a4 h4 71.Kd5 Rd3+ 72.Ke4 Ra3 73.Kf5 Rf3+ 74.Ke4 Ra3 75.Kf5 Rf3+ 76.Ke4 Ra3,0.5
1.Nf3 Nf6 2.c4 g6 3.Nc3 Bg7 4.e4 O-O 5.d4 d6 6.Be2 e5 7.O-O h6 8.d5 Nbd7 9.Be3 Nh7 10.Qd2 f5 11.exf5 gxf5 12.Bxh6 Bxh6 13.Qxh6 Rf6 14.Qh4 Ndf8 15.g3 Qe7 16.Qh5 Qg7 17.Nh4 Ng5 18.f4 exf4 19.gxf4 Ne4+ 20.Kh1 Rh6 21.Nxe4 Rxh5 22.Bxh5 Qh6 23.Ng3 Bd7 24.Rae1 b5 25.c5 Qf6 26.Nf3 dxc5 27.Rg1 Kh8 28.Ne5 Kh7 29.Bf7 Be8 30.Bxe8 Rxe8 31.Re3 Ng6 32.Nh5 Qh4 33.Nxg6 Qxh5 34.Rxe8 Qf3+ 35.Rg2 Qd1+ 36.Rg1 Qxd5+ 37.Rg2 Qd1+ 38.Rg1 Qf3+ 39.Rg2 Qf1+ 40.Rg1 Qf3+ 41.Rg2 Qd1+ 42.Rg1 Qd5+ 43.Rg2 Qd1+,0.5
1.d4 Nf6 2.c4 e6 3.g3 d5 4.Bg2 Be7 5.Nf3 O-O 6.O-O dxc4 7.Qc2 a6 8.a4 Bd7 9.Qxc4 Bc6 10.Bg5 Bd5 11.Qc2 Be4 12.Qc1 Nc6 13.Rd1 Bxf3 14.Bxf3 Nxd4 15.Kg2 c5 16.e3 Nb3 17.Rxd8 Nxc1 18.Rxa8 Rxa8 19.Bxb7 Ra7 20.Bf3 h6 21.Nd2 Nd3 22.Bxf6 Bxf6 23.Be2 Nxb2 24.Ra2 c4 25.Nxc4 Nxc4 26.Bxc4 a5 27.Rd2 Rc7 28.Rc2 g6 29.Bd3 Rxc2 30.Bxc2 Kg7 31.h4 g5 32.hxg5 hxg5 33.g4 Bc3 34.Bd3 Bb4 35.Bc2 Bc3 36.Bd3,0.5
1.d4 Nf6 2.c4 g6 3.Nc3 d5 4.cxd5 Nxd5 5.e4 Nxc3 6.bxc3 Bg7 7.Bb5+ c6 8.Ba4 b5 9.Bb3 a5 10.Nf3 O-O 11.O-O a4 12.Bc2 c5 13.Rb1 Bg4 14.e5 Nc6 15.Be4 Rc8 16.h3 Bxf3 17.Qxf3 Qd7 18.Bd3 cxd4 19.Bxb5 dxc3 20.Qxc3 Qd5 21.Bxa4 Qxa2 22.Ra1 Nxe5 23.Rxa2 Rxc3 24.Bd2 Rcc8 25.Bb5 Rc5 26.Be2 Nc6 27.Rc1 Rxc1+ 28.Bxc1 Rb8 29.Be3 Bd4 30.Bh6 Bg7 31.Be3 h5 32.g3 e6 33.Kg2 Nb4 34.Rd2 Nd5 35.Rd3 Nxe3+ 36.Rxe3 Bd4 37.Rd3 e5 38.Rd2 Kg7 39.h4 Kh6 40.f4 Be3 41.Rd7 exf4 42.gxf4 f5 43.Kf3 Bc1 44.Bc4 Rc8 45.Bf7 Rc3+ 46.Kg2 Bxf4 47.Bg8 g5 48.Be6 Kg6 49.Rd5 g4 50.Bxf5+ Kf6 51.Bh7 Be5 52.Bg6 g3 53.Ra5 Rc4 54.Ra6+ Kg7 55.Bxh5 Rxh4 56.Rg6+ Kh7 57.Rg5 Rh2+ 58.Kf3 Rf2+ 59.Kg4 Bf4 60.Rg6 Rf1 61.Kf5 Bg5+ 62.Ke4 Rf4+ 63.Kd3 Rf5 64.Ke4 Rf4+ 65.Kd3 Bh4 66.Re6 g2 67.Rg6 Rf5 68.Rxg2 Rxh5 69.Ke4 Bf6 70.Kf4 Bg7 71.Ke4 Kg8 72.Rg6 Kf7 73.Ra6 Bf6 74.Ra8 Rh4+ 75.Kf5 Rh5+ 76.Ke4 Rb5 77.Kf4 Be5+ 78.Ke4 Bd6 79.Rh8,0.5
1.e4 c6 2.Nf3 d5 3.d3 dxe4 4.dxe4 Qxd1+ 5.Kxd1 Nd7 6.Nbd2 e5 7.Nc4 f6 8.Nfd2 Nc5 9.a4 Be6 10.b4 Nd7 11.c3 Nh6 12.Kc2 Nf7 13.Nb3 Nd6 14.Nxd6+ Bxd6 15.Na5 O-O-O 16.Bc4 Bxc4 17.Nxc4 Be7 18.Be3 b6 19.Rhd1 Kc7 20.a5 b5 21.Nb6 Nb8 22.Rxd8 Bxd8 23.a6 Nxa6 24.Nc4 bxc4 25.Rxa6 Kd7 26.Rxa7+ Bc7 27.f4 Kc8 28.fxe5 fxe5 29.Ra8+ Bb8 30.Ra5 Kb7 31.b5 Rc8 32.b6 Rf8 33.Ra1 Rf6 34.g3 h5 35.Kd2 Rd6+ 36.Kc2 Rf6 37.Bc5 h4 38.Rd1 hxg3 39.hxg3 Rg6 40.Rd7+ Ka6 41.Rd8 Kb7 42.Bf2 Rf6 43.Be1 g6 44.Bd2 Bd6 45.Be3 c5 46.g4 Kxb6 47.Re8 Kc6 48.g5 Kd7 49.Ra8 Rf3 50.Kd2 Ke6 51.Ra6 Ke7 52.Ra7+ Kf8 53.Ra4 Be7 54.Rxc4 Rg3 55.Bxc5 Rxg5 56.Bb4 Rg2+ 57.Kd3 Rg3+ 58.Kc2 Bxb4 59.cxb4 Ke7 60.b5 Rf3 61.Rc5 Kd6 62.Rd5+ Ke6 63.Rd8 Ke7 64.Rg8 Kd6 65.Rxg6+ Kc5 66.b6 Rf7 67.Re6 Kd4 68.Kb3 Rf1 69.Ka4 Kxe4 70.Rd6 Rb1 71.Ka5 Kf3 72.Rf6+ Kg3 73.Rf5 e4 74.Rb5 Ra1+ 75.Kb4 Ra8 76.Kc3 e3 77.Kd3 Kf4 78.b7 Rd8+ 79.Ke2 Rb8 80.Rb4+ Ke5 81.Kxe3 Kd5 82.Kd3 Kc6 83.Kc4 Rxb7 84.Rxb7 Kxb7,0.5
1.e4 e5 2.Bc4 Nf6 3.d3 Nc6 4.Nf3 Bc5 5.Nc3 h6 6.h3 a6 7.a4 d6 8.Be3 Bxe3 9.fxe3 Be6 10.b3 O-O 11.O-O d5 12.exd5 Nxd5 13.Qd2 Nxc3 14.Qxc3 Qd6 15.Nd2 f5 16.Bxe6+ Qxe6 17.Qc4 Qxc4 18.bxc4 e4 19.d4 f4 20.Rxf4 Rxf4 21.exf4 Nxd4 22.Nxe4 Ne2+ 23.Kf2 Nxf4 24.Rb1 b6 25.c5 Rf8 26.cxb6 cxb6 27.c4 Nd5+ 28.Ke2 Re8 29.cxd5 Rxe4+ 30.Kd3 Rxa4 31.d6 Kf7 32.Re1 Ra5 33.Kd4 Ra2 34.Kd5 Rd2+ 35.Kc6 b5 36.d7 Rc2+ 37.Kb6 Rd2 38.Kc7 Rc2+ 39.Kd8 b4 40.Re7+ Kf8 41.Re3 Kf7 42.Re7+ Kf8 43.Re5 g6 44.Re6 b3 45.Rf6+ Kg7 46.Ke7 Re2+ 47.Re6 Rxe6+ 48.Kxe6 b2 49.d8=Q b1=Q 50.Qc7+ Kg8 51.Qd8+ Kg7,0.5
1.Nf3 d5 2.g3 g6 3.Bg2 Bg7 4.d4 Nf6 5.O-O O-O 6.c4 c6 7.b3 Bf5 8.Bb2 Nbd7 9.e3 Ne4 10.Nc3 Nxc3 11.Bxc3 Be4 12.Qe2 e6 13.Rfd1 a5 14.Bf1 Bxf3 15.Qxf3 Nc5 16.Be1 Ne4 17.Bd3 f5 18.Rac1 g5 19.Qe2 g4 20.Bxe4 fxe4 21.Qxg4 Qe8 22.cxd5 exd5 23.Rc5 h5 24.Qh3 Qf7 25.Qg2 a4 26.b4 Qd7 27.b5 h4 28.Rdc1 Rf6 29.bxc6 bxc6 30.g4 h3 31.Qxh3 Raf8 32.Qg2 Rg6 33.g5 Rf5 34.h4 Bf8 35.R5c2 Be7 36.Rb2 Bxg5 37.Kf1 Qa7 38.Qg4 Qa6+ 39.Kg1 Rg7 40.Rb8+ Bd8 41.Rxd8+ Rf8 42.Rxf8+ Kxf8 43.Bb4+ Kg8 44.Qxg7+ Kxg7 45.a3 Kg6 46.Kg2 Kh5 47.Rh1 c5 48.Bxc5 Qg6+ 49.Kf1 Qa6+ 50.Kg2 Qg6+ 51.Kf1 Qa6+ 52.Kg2,0.5
1.e4 e5 2.Nf3 Nf6 3.Nxe5 d6 4.Nd3 Nxe4 5.Qe2 Qe7 6.Nf4 Nf6 7.d4 Nc6 8.c3 d5 9.Nd2 Nd8 10.Nf3 Qxe2+ 11.Bxe2 Bd6 12.O-O O-O 13.Bd3 Re8 14.Re1 Rxe1+ 15.Nxe1 Ne6 16.Nxe6 Bxe6 17.g3 g6 18.Ng2 Re8 19.f3 Nh5 20.Kf2 c6 21.g4 Ng7 22.Bf4 Bxf4 23.Nxf4 g5 24.Ne2 f5 25.h3 Kf7 26.Rh1 h6 27.f4 fxg4 28.hxg4 Bxg4 29.Rxh6 Bf5 30.Bxf5 Nxf5 31.Rh7+ Ng7 32.fxg5 Kg6 33.Rh3 Kxg5 34.Rg3+ Kf6 35.Rf3+ Ke7 36.Nf4 Kd6 37.Ng6 Re6 38.Ne5 Ne8 39.Rf7 Rf6+ 40.Rxf6+ Nxf6 41.Ke3,0.5
1.e4 e5 2.Nf3 Nc6 3.Bb5 Nf6 4.d3 Bc5 5.Bxc6 dxc6 6.O-O Nd7 7.c3 O-O 8.d4 Bd6 9.Bg5 Qe8 10.Re1 c5 11.Na3 cxd4 12.cxd4 f6 13.Bh4 Nb6 14.Bg3 Bg4 15.Qb3+ Kh8 16.Nb5 Bxf3 17.gxf3 Rd8 18.Rac1 Qe7 19.a4 Nc8 20.Red1 a6 21.Nxd6 cxd6 22.Qe3 g5 23.Rc3 Qe8 24.Rdc1 Qxa4 25.Rc7 Qe8 26.h4 gxh4 27.Qh6 Qg6 28.Qxh4 Na7 29.Rxb7 Nb5 30.dxe5 dxe5 31.Kg2 Rde8 32.Rc6 Nd4 33.Rxa6 Ne6 34.Raa7 h5 35.Kf1 Ra8 36.Rh7+ Qxh7 37.Rxh7+ Kxh7 38.Qxh5+ Kg7 39.f4 exf4 40.Qg4+ Kf7 41.Bxf4 Nxf4 42.Qxf4 Rfe8 43.Qf5 Kg7 44.f4 Re7 45.Qg4+ Kf8 46.Qh4 Kg7 47.e5 Rf8 48.b4 Kg8 49.Qg3+ Rg7 50.Qb3+ Kh8 51.e6 f5 52.b5 Re7 53.b6 Kg7 54.Qd5 Kg6 55.b7 Rb8 56.Qg2+ Kf6 57.Qg5+ Kxe6 58.Qg6+ Kd7 59.Qxf5+ Kd6 60.Qd3+ Kc7 61.Qc4+ Kd7 62.Qd5+ Kc7 63.Qc5+ Kd7 64.Qd4+ Kc7 65.Qc4+ Kd7 66.f5 Rxb7 67.f6 Re5 68.Qg4+ Kd6 69.Qg6 Rb8 70.Qd3+ Ke6 71.Qa6+ Kf5 72.Qd3+ Ke6 73.Qa6+ Kf5 74.Qd3+ Ke6,0.5
1.e4 e5 2.Nf3 Nc6 3.Bc4 Nf6 4.d3 Bc5 5.O-O d6 6.c3 O-O 7.Re1 a6 8.a4 Ba7 9.Nbd2 Ng4 10.Re2 Kh8 11.b4 f5 12.Bb3 Bd7 13.Ra2 Qe8 14.exf5 Bxf5 15.Nf1 Be6 16.b5 Bxb3 17.Qxb3 Ne7 18.d4 Ng6 19.c4 e4 20.Ng3 exf3 21.Rxe8 Raxe8 22.Qd1 Nh4 23.h3 fxg2 24.Re2 Rxe2 25.Qxe2 Nxf2 26.Be3 Nxh3+ 27.Kh2 g1=Q+ 28.Bxg1 Nf3+ 29.Kh1 Nhxg1 30.Qe7 Rg8 31.Nf5 Nxd4 32.Nh6 gxh6 33.Qf6+ Rg7 34.Qf8+ Rg8 35.Qf6+ Rg7 36.Qf8+ Rg8 37.Qf6+,0.5
1.e4 e5 2.Nf3 Nc6 3.Bc4 Bc5 4.c3 Nf6 5.d3 O-O 6.Nbd2 d5 7.exd5 Nxd5 8.Ne4 Be7 9.O-O Nb6 10.Bb3 Bf5 11.a4 a5 12.Be3 Kh8 13.Re1 Bg6 14.Ng3 Nd7 15.d4 f5 16.d5 Ncb8 17.Bc1 f4 18.Ne4 Na6 19.Bc2 Re8 20.b3 Bf6 21.Ba3 Nb6 22.d6 c6 23.Qe2 Nd7 24.Rad1 Bh5 25.b4 axb4 26.cxb4 Qb6 27.b5 cxb5 28.axb5 Nab8 29.Bb4 Nf8 30.Nc3 Qd8 31.Nd5 Ra2 32.Qc4 Rxc2 33.Qxc2 Bxf3 34.gxf3 Qd7 35.Nc7 Rd8 36.Qc4 Qh3 37.Rd3 Nbd7 38.Qf7 Bh4 39.Re2 Nf6 40.Bc3 Qf5 41.Rd1 Qh3 42.Rd3 Qf5 43.Red2 e4 44.Bxf6 Bxf6 45.Rd5 Qc8 46.b6 e3 47.d7 Nxd7 48.Rd1 e2 49.Re1 Ne5 50.Rxe5 Bxe5 51.Kg2 Rf8,0.5
1.b4 e5 2.Bb2 Bxb4 3.Bxe5 Nf6 4.c3 Be7 5.g3 d6 6.Bxf6 Bxf6 7.Bg2 O-O 8.e3 d5 9.Ne2 c6 10.d4 Bf5 11.Nd2 Nd7 12.O-O Re8 13.c4 dxc4 14.Nxc4 Qc7 15.Rc1 Rad8 16.Nf4 Nb6 17.Nxb6 Qxb6 18.Qa4 g6 19.Rc3 Bg5 20.Rb3 Qc7 21.Qxa7 Re7 22.Nd3 Bxd3 23.Rxd3 c5 24.Rc3 b6 25.Qxc7 Rxc7 26.Rb1 Rd6 27.a4 Bf6 28.Bf1 Rcd7 29.dxc5 Bxc3 30.cxd6 Rxd6 31.Rc1 Rc6 32.Rd1 Rc7 33.Rd6 Ba5 34.Bb5 Kg7 35.e4 Rc1+ 36.Kg2 Rc2 37.e5 Bb4 38.Rf6 Be7 39.Rxb6 Rxf2+ 40.Kxf2 Bc5+ 41.Kf3 Bxb6 42.Ke4 Kf8 43.Kd5 Ke7 44.g4 h5 45.h3 hxg4 46.hxg4 Ba5 47.Bd3 Bd2 48.Bc2 Be1 49.Bd3 Bd2 50.Ba6 Be1 51.Bc8 Kd8 52.e6 fxe6+ 53.Bxe6 Kc7,0.5
1.e4 c5 2.Nc3 e6 3.Nf3 Nc6 4.d4 cxd4 5.Nxd4 Qc7 6.Be3 a6 7.Be2 b5 8.Nxc6 Qxc6 9.e5 Bb7 10.Bf3 Qc7 11.Bxb7 Qxb7 12.Qd3 Ne7 13.Bc5 Qxg2 14.O-O-O Qc6 15.Ne4 Nf5 16.Bxf8 Rxf8 17.Rhe1 Rc8 18.Kb1 f6 19.f4 fxe5 20.fxe5 h6 21.Rg1 Qd5 22.Nd6+ Ke7 23.Nxc8+ Rxc8 24.Qxd5 exd5 25.Rxd5 Ke6 26.Rd3 g5 27.a4 bxa4 28.Rg4 Rc6 29.Rxa4 h5 30.Rda3 g4 31.Kc1 Kxe5 32.Rxa6 h4 33.Rxc6 dxc6 34.Kd1 h3 35.Ke2 g3 36.Kf3 gxh2 37.Ra1 Nd4+ 38.Kg3 Nxc2 39.Rc1 Nb4 40.Kxh2 Kd4 41.b3 c5 42.Kxh3 Nc6 43.Rc4+ Kd5 44.Kg2 Ne5 45.Rc1 c4 46.bxc4+ Nxc4 47.Rxc4 Kxc4,0.5
1.c4 c5 2.Nf3 Nf6 3.Nc3 Nc6 4.g3 e6 5.Bg2 d5 6.cxd5 exd5 7.d4 Be7 8.a3 c4 9.Bg5 O-O 10.e3 Bf5 11.Ne5 Nd7 12.Nxd7 Qxd7 13.h4 Be6 14.Bxe7 Nxe7 15.O-O Bh3 16.Bxh3 Qxh3 17.Re1 Qd7 18.h5 f5 19.a4 Rf6 20.b3 cxb3 21.Qxb3 Rh6 22.Qb5 Rd8 23.Qxd7 Rxd7 24.a5 Rxh5 25.Reb1 Rh6 26.Na4 Rc7 27.Rb5 Rhc6 28.Rab1 Rc1+ 29.Rxc1 Rxc1+ 30.Kg2 Rc7 31.Nc5 b6 32.axb6 axb6 33.Rxb6 Ra7 34.Rd6 g6 35.Nd3 Rb7 36.Kf3 Kf7 37.Ne5+ Kg7 38.Nd3 h6 39.Nf4 Rb5 40.Ne6+ Kf7 41.Nc5 Rb2 42.Nd3 Rb3 43.Ne5+ Kg7 44.Rd7 Kf6 45.Ra7 Rb2 46.g4 g5 47.Kg3 f4+ 48.exf4 gxf4+ 49.Kf3 Rd2 50.Ra6+ Kg7 51.Rb6 Rxd4 52.Rb7 Kf6 53.Rxe7 Re4 54.Rh7 Kxe5 55.Rxh6 Rb4 56.Rh5+ Kd4 57.Rh8 Ke5 58.Re8+ Kf6 59.Rf8+ Kg6 60.Rf5 d4 61.Rd5 Kf6 62.Ke4 d3+ 63.Kf3 Ke6 64.Rxd3 Ke5 65.Ra3 Rb5 66.Kg2 Kf6 67.Ra8 Rb3 68.Ra5 Kg6 69.Rf5 Ra3 70.f3 Ra4 71.Kh3 Rb4 72.Kh4 Ra4 73.Rf8 Kg7 74.Rf5 Kg6 75.Rg5+ Kh7 76.Rh5+ Kg6 77.g5 Ra1 78.Rh6+ Kf5 79.Rf6+ Ke5 80.Rb6 Rh1+ 81.Kg4 Rg1+ 82.Kh5 Rg3 83.Rb3 Kf5 84.Rb5+ Ke6 85.g6 Rxf3 86.g7 Rg3 87.Kh6 f3 88.Rb8 Rh3+ 89.Kg6,0.5
1.e4 e5 2.Nf3 Nc6 3.Bc4 Bc5 4.b4 Bxb4 5.c3 Ba5 6.d4 d6 7.Qb3 Qd7 8.O-O Bb6 9.Nbd2 Na5 10.Qc2 f6 11.a4 Ne7 12.Ba2 Nec6 13.Ba3 exd4 14.cxd4 Nxd4 15.Nxd4 Bxd4 16.Rad1 Qe7 17.e5 fxe5 18.Nf3 Nc6 19.Bd5 Kd8 20.Rfe1 Qf6 21.Bxc6 bxc6 22.Qxc6 Rb8 23.Rc1 Bb6 24.Nxe5 Re8 25.Bxd6 cxd6 26.Nf7+ Qxf7 27.Qxd6+ Qd7 28.Rxe8+ Kxe8 29.Qxb8 Kd8 30.Qf4 Qf5 31.Qg3 g6 32.a5 Bxa5 33.Qd6+ Bd7 34.Qb8+ Ke7 35.Qxa7 Qd5 36.Qc5+,0.5
1.e4 e5 2.Nf3 Nc6 3.Bb5 a6 4.Ba4 Nf6 5.O-O Be7 6.d3 b5 7.Bb3 d6 8.a3 Na5 9.Ba2 c5 10.Nc3 Be6 11.Bg5 O-O 12.b4 Nc6 13.Nd5 Bxd5 14.exd5 Nd4 15.bxc5 Nxf3+ 16.Qxf3 dxc5 17.a4 Ne8 18.Bxe7 Qxe7 19.axb5 axb5 20.Qe3 Nf6 21.Bb3 Qd6 22.Rxa8 Rxa8 23.Re1 Re8 24.c4 b4 25.f4 e4 26.Bc2 g5 27.dxe4 gxf4 28.e5 fxe3 29.exd6 Ra8 30.Bf5 Ne8 31.d7 Nd6 32.Rxe3 Kf8 33.Bd3 Rd8 34.Rh3 Rxd7 35.Rxh7 Ra7 36.Rh8+ Ke7 37.Kf2 Ra2+ 38.Ke3 Rxg2 39.h4 Rg3+ 40.Ke2 Rh3 41.h5 b3 42.Rb8 b2 43.Kd2 Rxh5 44.Rxb2 Rh2+ 45.Kc3 Rxb2 46.Kxb2 Kf6 47.Kc3 Ke5 48.Kd2 Kd4 49.Ke2 f5 50.Kd2 f4 51.Ke2 f3+ 52.Kd2 f2 53.Bf1 Nxc4+ 54.Ke2 Kxd5 55.Kxf2 Kd4 56.Bh3 Kd3 57.Be6 Ne5 58.Ke1 Nf3+ 59.Kd1 Nd4 60.Bg8 Nb5 61.Kc1 Nc3 62.Bh7+ Kd4 63.Bg8 Nd5 64.Kd2 c4 65.Bxd5 Kxd5,0.5
1.e4 e5 2.Nf3 Nc6 3.Bc4 Bc5 4.b4 Bxb4 5.c3 Ba5 6.d4 d6 7.Qb3 Qd7 8.O-O Bb6 9.Nbd2 Na5 10.Qc2 Nxc4 11.Nxc4 Qc6 12.Nxb6 axb6 13.dxe5 dxe5 14.Nxe5 Qa4 15.Qd3 Ne7 16.Qg3 O-O 17.Re1 Be6 18.h4 Kh8 19.h5 h6 20.Bf4 Ra5 21.Rad1 Qxa2 22.Nf3 Rxh5 23.Bxc7 Ng6 24.Bxb6 Kh7 25.Bd4 Re8 26.Ra1 Qc4 27.Ra7 Qc6 28.Raa1 Bd7 29.Nd2 Rg5 30.Qh2 f5 31.Ra5 b5 32.Ra7 fxe4 33.Qc7 Nf8 34.Qxc6 Bxc6 35.Be3 Rd5 36.Rc7 Bd7 37.Ra1 Ne6 38.Rb7 Rd3 39.Raa7 Bc6 40.Re7 Rxe7 41.Rxe7 Bd5 42.Nxe4 Kg6 43.Nd6 Rxc3 44.Nxb5 Rb3 45.Nd4 Nxd4 46.Bxd4 Rb7 47.Rxb7 Bxb7,0.5
1.e4 c5 2.Nf3 e6 3.d4 cxd4 4.Nxd4 Nc6 5.Nc3 Qc7 6.Ncb5 Qb8 7.Bd3 Nf6 8.O-O a6 9.Nxc6 dxc6 10.Nd4 Bd6 11.Nf3 e5 12.Bg5 Be6 13.Bxf6 gxf6 14.Nh4 Qc7 15.Qf3 Be7 16.Nf5 O-O-O 17.Rfd1 h5 18.h4 Bc5 19.b3 Kb8 20.Bc4 Rdg8 21.Kf1 Rg4 22.g3 Rd8 23.a4 Ka7 24.Rxd8 Qxd8 25.Rd1 Bxc4+ 26.bxc4 Qb6 27.Kg2 Qb4 28.Nh6 Rg7 29.Qb3 Rh7 30.Qxb4 Bxb4 31.Ng8 Kb6 32.Rd7 Ka5 33.Rxb7 Kxa4 34.Nxf6 Rh6 35.Nd7 a5 36.c3 Ba3 37.c5 Bc1 38.Rb1 Ka3 39.Nxe5 Bb2 40.Nc4+ Kb3 41.Nxa5+ Kc2 42.Re1 Bxc3 43.Re2+ Kd3 44.Re3+ Kd4 45.Nb7 Bb4 46.Rf3 f6 47.Rf4 Bd2 48.Rf5 Kxe4 49.Nd6+ Kd4 50.Ne8 Rh8 51.Nxf6 Rf8 52.Rf3 Rh8 53.Rf5 Rf8 54.Kf3 Bh6 55.g4 hxg4+ 56.Kxg4 Rf7 57.f3 Rg7+ 58.Kh5 Be3 59.Ne4 Kd3 60.Rf6 Ke2 61.Ng5 Bxc5 62.Rxc6 Be3 63.Kg4 Ra7 64.Re6 Kd3 65.h5 Ra1 66.f4 Rg1+ 67.Kf5 Rh1 68.Rd6+ Kc4 69.h6 Rh4 70.h7 Bxf4 71.Rd7 Be3 72.Kg6 Rh1 73.Nf3 Rh3 74.Ne5+ Kc5 75.Rd8 Bd4 76.Ng4 Ba1 77.Ra8 Bb2 78.Rd8 Rg3 79.Kf5 Rh3 80.Rd7 Bh8 81.Kg6 Rg3 82.Rd8 Ba1 83.Kg5 Rh3 84.Nh6 Rg3+ 85.Kf5 Rh3 86.Kg5 Rg3+ 87.Kh4 Rg1 88.Rg8 Rh1+ 89.Kg5 Rg1+ 90.Kh5 Rh1+ 91.Kg6 Rg1+ 92.Kf7 Rf1+ 93.Ke7 Re1+ 94.Kd7 Rd1+ 95.Kc8 Rh1 96.Rg6 Kd5 97.Kd7 Bc3 98.Ke7 Ra1 99.Rg5+ Ke4 100.Nf7 Rh1 101.Rg3 Rxh7 102.Rxc3 Kd4 103.Rf3 Ke4 104.Rf6 Rh1 105.Ke6 Ra1 106.Nd6+ Ke3 107.Rh6 Ra6 108.Rh4 Ra1 109.Nc4+ Kf3 110.Kf5 Rf1 111.Rh8 Kg3+ 112.Kg5 Rc1 113.Ne5 Rc5 114.Kf5 Ra5 115.Rb8 Kf2 116.Rb3 Ke2 117.Ke4 Ra4+ 118.Kd5 Ra5+ 119.Kd4 Ra4+ 120.Nc4 Ra8 121.Ke4 Re8+ 122.Ne5 Kd2 123.Rd3+ Kc2 124.Rd7 Rh8 125.Rc7+ Kb3 126.Kd4 Rh4+ 127.Kd5 Rh5 128.Rc8 Rh1 129.Nf3 Rh5+ 130.Kd4 Rh7 131.Nd2+ Kb2 132.Kd3 Rh3+ 133.Kd4 Rh4+ 134.Kd3 Rh3+ 135.Kd4 Rh4+ 136.Kd3 Rh3+,0.5
1.d4 d5 2.c4 dxc4 3.e3 Nf6 4.Bxc4 e6 5.Nf3 a6 6.O-O c5 7.b3 Nc6 8.Bb2 b5 9.Be2 Bb7 10.a4 b4 11.Nbd2 cxd4 12.Nxd4 Nxd4 13.Bxd4 Be7 14.Nc4 O-O 15.Bf3 Bd5 16.Nb6 Rb8 17.a5 Bxf3 18.Qxf3 Nd5 19.Rfd1 Nxb6 20.axb6 Qe8 21.Qg4 g6 22.Rxa6 Qb5 23.Rda1 Qd5 24.Qf4 Bd6 25.Qf6 e5 26.R6a5 Qxb3 27.Rxe5 Ra8 28.Rea5,0.5
1.e4 e5 2.Nf3 Nc6 3.Bc4 Nf6 4.d3 Bc5 5.O-O d6 6.c3 a6 7.a4 Ba7 8.Nbd2 O-O 9.h3 h6 10.Re1 Ne7 11.Bb3 c5 12.Nf1 Be6 13.Ne3 Qd7 14.Bd2 Rad8 15.a5 Bb8 16.Ba4 Qc8 17.c4 Ng6 18.Nd5 Nxd5 19.cxd5 Bd7 20.b4 cxb4 21.Rc1 Bxa4 22.Qxa4 Qd7 23.Qxd7 Rxd7 24.Rc4 Ba7 25.Be3 Bxe3 26.fxe3 f5 27.exf5 Rxf5 28.Rb1 Rff7 29.Nd2 Ne7 30.e4 Kf8 31.Rcxb4 Nc8 32.Nf3 Na7 33.d4 exd4 34.Nxd4 g6 35.R1b3 Kg7 36.h4 Nb5 37.Nxb5 axb5 38.Rf3 Rfe7 39.Kf2 Rc7 40.Ke3 Rc2 41.Rf2 Rc1 42.Kd3 Rd1+ 43.Rd2 Re1 44.Re2 Rd1+ 45.Rd2 Re1 46.Rf2 Rd1+ 47.Rd2 Re1,0.5
1.e4 e5 2.Nf3 Nc6 3.Bc4 Nf6 4.d3 Bc5 5.c3 d6 6.O-O O-O 7.Re1 Bb6 8.a4 a5 9.h3 h6 10.Na3 Ne7 11.d4 Ng6 12.Bf1 c6 13.Nc4 Bc7 14.dxe5 Nxe5 15.Bf4 Nxf3+ 16.Qxf3 d5 17.Rad1 Be6 18.e5 Nd7 19.Qg3 Kh8 20.Nd6 Nc5 21.Rd4 Bxd6 22.exd6 Ne4 23.Rexe4 dxe4 24.Rxe4 Qf6 25.Bd3 Bf5 26.Re3 Bxd3 27.Rxd3 Qf5 28.Qe3 Rfe8 29.Qd2 Rad8 30.Be3 c5 31.g4 Qe4 32.Bxc5 Qxa4 33.Bd4 Re6 34.Bb6 Rd7 35.Bc7 Qc6 36.Re3 Rxe3 37.Qxe3 Rxc7 38.dxc7 Qxc7 39.Qe8+ Kh7 40.Qe4+ Kg8 41.Qe8+ Kh7 42.Qe4+ Kg8 43.Qe8+ Kh7,0.5
1.d4 Nf6 2.c4 e6 3.Nf3 d5 4.Nc3 c5 5.e3 Nc6 6.a3 dxc4 7.Bxc4 a6 8.Ba2 b5 9.Qc2 cxd4 10.exd4 Nxd4 11.Nxd4 Qxd4 12.Nd5 Nxd5 13.Qc6+ Ke7 14.Qxa8 Qe5+ 15.Kf1 Qd4 16.Bg5+ Kd7 17.Bxd5 Qxd5 18.Qxd5+ exd5 19.Rd1 Bb7 20.Be3 b4 21.axb4 Bxb4 22.Bd4 Rc8 23.h4 Rc2 24.Rh3 g6 25.Rf3 f5 26.h5 a5 27.hxg6 hxg6 28.Rg3 Ba6+ 29.Kg1 Be2 30.Ra1 Bh5 31.Rd3 Be2 32.Re3 Bh5 33.Re5 Kd6 34.Re8 Kd7 35.Rb8 Be2 36.Rb6 g5 37.Rg6 g4 38.Bc3 Bc5 39.Bxa5 Rxb2 40.Bc3 Rb3 41.Be5 Bc4 42.Rd1 Bd3 43.Rc1 Bc4 44.Rd1 Bd3 45.Rc1 Bc4 46.Rd1,0.5
1.e4 e5 2.Nf3 Nc6 3.Bc4 Nf6 4.d3 Bc5 5.O-O d6 6.c3 O-O 7.Re1 a5 8.h3 Ba7 9.Na3 h6 10.Nb5 Bb6 11.Be3 Bxe3 12.Rxe3 Re8 13.Qb3 Be6 14.Bxe6 Rxe6 15.d4 Re8 16.d5 Ne7 17.c4 Nd7 18.Qc2 Nc5 19.b3 Rf8 20.Nh4 c6 21.dxc6 bxc6 22.Nc3 Ne6 23.Qd2 Nd4 24.Rg3 Kh7 25.f4 Ng6 26.Nxg6 fxg6 27.fxe5 dxe5 28.Rd3 Qh4 29.Qe1 Qe7 30.Rad1 Rf4 31.Qe3 Qg5 32.Kh2 Raf8 33.R1d2 Qh5 34.Ne2 Nf3+ 35.gxf3 Rxf3 36.Ng3 Rxe3 37.Nxh5 Rxd3 38.Rxd3 gxh5 39.Kg1 Rf4 40.Rd6 Rxe4 41.Rxc6 Re2 42.Rc5 Rxa2 43.Rxe5 h4 44.Rb5 a4 45.bxa4 Rxa4 46.Rc5 Ra3 47.Kg2 Kg6 48.Rc7 Rg3+ 49.Kh2 Kf5 50.c5 g5 51.Rc6 h5 52.Rh6 Rc3 53.Rxh5 Kf4 54.Kg2 Rc2+ 55.Kg1 Rxc5 56.Kg2 Rc2+ 57.Kg1 Ra2 58.Kh1 Ra5 59.Kg2 Rb5 60.Kf2 Rc5 61.Kg2 Ke3 62.Rh8 Rc2+ 63.Kg1 Kf3 64.Rg8 Rc1+ 65.Kh2 Rc2+ 66.Kg1,0.5
1.e4 c5 2.Nf3 Nc6 3.d4 cxd4 4.Nxd4 Nf6 5.Nc3 d6 6.Bg5 e6 7.Qd2 a6 8.O-O-O Bd7 9.Nxc6 Bxc6 10.f3 h6 11.Bf4 d5 12.Qe1 Bb4 13.a3 Bxc3 14.Qxc3 O-O 15.Be5 Rc8 16.Bxf6 Qxf6 17.Qxf6 gxf6 18.exd5 Bxd5 19.Rd4 f5 20.Bd3 Bc6 21.Rd1 Kg7 22.Be2 Kf6 23.Rh4 Kg5 24.g3 Rfd8 25.Rhd4 Rxd4 26.Rxd4 e5 27.f4+ exf4 28.Rxf4 Be4 29.c3 Rd8 30.Bd1 Rd7 31.Bc2 Re7 32.Bd1 Rd7 33.Bc2 Re7 34.Bd1,0.5
1.d4 Nf6 2.c4 e6 3.Nf3 d5 4.Nc3 c6 5.e3 Nbd7 6.Qc2 Bd6 7.Be2 O-O 8.O-O dxc4 9.Bxc4 b5 10.Bd3 Bb7 11.a3 a5 12.e4 e5 13.dxe5 Nxe5 14.Nxe5 Bxe5 15.h3 Ba6 16.Be3 b4 17.Bxa6 bxc3 18.Bc4 cxb2 19.Rad1 Qe7 20.Bc5 Qc7 21.Bxf8 Rxf8 22.g3 g5 23.f4 gxf4 24.gxf4 Bxf4 25.Qxb2 Nh5 26.Rd3 Qe7 27.Rf2 Be5 28.Qe2 Nf6 29.Kh1 Kh8 30.Rg2 Rb8 31.Ba2 Ne8 32.Qe3 Nd6 33.Rd1 Qf6 34.Rf2 Qg6 35.Rg1 Qxe4+ 36.Qxe4 Nxe4 37.Rxf7 Ng3+ 38.Kg2 Rb2+ 39.Rf2 Rxf2+ 40.Kxf2 Bd4+ 41.Kxg3 Bxg1,0.5
1.e4 e5 2.Nf3 Nf6 3.Nxe5 d6 4.Nf3 Nxe4 5.d4 d5 6.Bd3 Bd6 7.O-O O-O 8.c4 c6 9.Re1 Bf5 10.Qb3 Qd7 11.Nh4 Be6 12.Qc2 Na6 13.a3 f5 14.cxd5 cxd5 15.Nc3 Rac8 16.f3 Be7 17.g3 Nd6 18.Qa4 Bf6 19.Qxd7 Bxd7 20.Nxd5 Bxd4+ 21.Kg2 Rce8 22.Bf4 Nc5 23.Ne7+ Kf7 24.Bxf5 Nxf5 25.Nhxf5 Bxf5 26.Nxf5 Rxe1 27.Rxe1 Nd3 28.Re4 Bxb2 29.Be3 Bxa3 30.Bxa7 Ra8 31.Bd4 Bf8 32.Re2 g6 33.Ne3 Rd8 34.Bb6 Rd6 35.Nc4 Rc6 36.Re4 Bg7 37.f4 Re6 38.Kf3 Ne1+ 39.Ke3 Nc2+ 40.Kf3 Ne1+,0.5
1.e4 e5 2.Nf3 Nf6 3.Nxe5 d6 4.Nf3 Nxe4 5.d4 d5 6.Bd3 Bd6 7.O-O O-O 8.c4 c6 9.Re1 Bf5 10.Qb3 Qd7 11.Nh4 Be6 12.Qc2 Na6 13.a3 f5 14.cxd5 cxd5 15.Nc3 Rac8 16.f3 Be7 17.g3 Nd6 18.Qa4 Bf6 19.Qxd7 Bxd7 20.Nxd5 Bxd4+ 21.Kg2 Rce8 22.Bf4 Nc5 23.Ne7+ Kf7 24.Bxf5 Nxf5 25.Nhxf5 Bxf5 26.Nxf5 Rxe1 27.Rxe1 Nd3 28.Re4 Bxb2 29.Be3 Bxa3 30.Bxa7 Ra8 31.Bd4 Bf8 32.Re2 g6 33.Ne3 Rd8 34.Bb6 Rd6 35.Nc4 Rc6 36.Re4 Bg7 37.f4 Re6 38.Kf3 Ne1+ 39.Ke3 Nc2+ 40.Kf3 Ne1+,0.5
1.e4 e5 2.Nf3 Nc6 3.Bc4 Nf6 4.d3 Bc5 5.c3 d6 6.O-O O-O 7.Re1 a5 8.h3 h6 9.Nbd2 Be6 10.Bb5 Qb8 11.Bxc6 bxc6 12.d4 exd4 13.cxd4 Bb6 14.a4 Re8 15.Ra3 Qa7 16.Nf1 d5 17.e5 Ne4 18.N1d2 Bf5 19.Re2 Rad8 20.Nb3 c5 21.dxc5 Bxc5 22.Nxc5 Qxc5 23.Nd4 Bd7 24.Bf4 Qe7 25.Nb5 Bxb5 26.axb5 Ng5 27.Rxa5 Ne6 28.Bd2 d4 29.Ra3 Qc5 30.Rg3 d3 31.Re1 Qxb5 32.Qh5 Qxb2 33.Bxh6 d2 34.Rd1 Rd5 35.Bxg7 Nxg7 36.Rxg7+ Kxg7 37.Qg5+ Kf8 38.Qh6+ Kg8 39.Qg5+ Kf8 40.Qh6+ Ke7 41.Qf6+ Kf8 42.Qh6+ Kg8,0.5
1.e4 c5 2.Nf3 e6 3.d4 cxd4 4.Nxd4 Nc6 5.Nc3 a6 6.Nxc6 bxc6 7.Qd3 d5 8.Qg3 h5 9.h4 d4 10.Nb1 Nf6 11.e5 Ne4 12.Qf3 Qd5 13.Bd3 Bb4+ 14.Kf1 f5 15.exf6 Nxf6 16.Bg6+ Kd7 17.Bg5 Rf8 18.c3 Bd6 19.cxd4 Qxd4 20.Qc3 Qd1+ 21.Qe1 Qxe1+ 22.Kxe1 Rb8 23.Nd2 Rxb2 24.Nc4 Bb4+ 25.Kf1 Ng4 26.f3 Rf2+ 27.Kg1 Bc5 28.fxg4 R2f4+ 29.Ne3 Bxe3+ 30.Kh2 Rxg4 31.Bxe3 Rxg6 32.Rhd1+ Kc7 33.Rab1 Bb7 34.Bc5 Re8 35.Bd6+ Kc8 36.Be5 Rg4 37.Rf1 Rxh4+ 38.Kg1 Re4 39.Rf7 Rxe5 40.Rbxb7 Rb5,0.5

1.e4 e5 2.Nf3 Nf6 3.Nxe5 d6 4.Nf3 Nxe4 5.d4 d5 6.Bd3 Nc6 7.O-O Be7 8.c4 Nb4 9.Be2 O-O 10.Nc3 Bf5 11.a3 Nxc3 12.bxc3 Nc6 13.Re1 Re8 14.Ra2 Bf8 15.cxd5 Qxd5 16.c4 Qe4 17.Bf1 Qg4 18.h3 Rxe1 19.Qxe1 Qe4 20.Re2 Qd3 21.Rb2 Qe4 22.Re2 Qd3 23.Re3 Qb1 24.d5 Ne7 25.Nd2 Qa1 26.Nb3 Qf6 27.Bd2 Ng6 28.Na5 b6 29.Nc6 Bd7 30.Bc3 Qd6 31.Bb4 Qf6 32.Bc3 Qd6 33.Bb4 Qf6 34.Bc3,0.5
1.d4 Nf6 2.c4 e6 3.Nc3 Bb4 4.Qc2 O-O 5.a3 Bxc3+ 6.Qxc3 d5 7.Bg5 dxc4 8.Qxc4 b6 9.Rd1 Ba6 10.Qa4 h6 11.Bh4 Qe7 12.Nf3 Rd8 13.Qc2 c5 14.e4 Bxf1 15.Rxf1 g5 16.Nxg5 hxg5 17.Bxg5 Nc6 18.Qc1 Rxd4 19.Rxd4 Nxd4 20.Qf4 Nc2+ 21.Kd1 Qd7+ 22.Kxc2 Qa4+ 23.Kb1 Qxe4+ 24.Qxe4 Nxe4 25.Bf4 Nf6 26.h4 Nd5 27.Bd2 f5 28.g3 Kf7 29.f3 Rh8 30.Bg5 c4 31.g4 b5 32.Rd1 fxg4 33.fxg4 a5 34.h5 Rg8 35.Rf1+ Ke8 36.h6 Rf8 37.Rxf8+ Kxf8 38.Bd8 a4 39.g5 Kf7 40.h7 Kg7 41.g6 c3 42.bxc3 Nxc3+ 43.Kc2 Nd5 44.Bg5 e5 45.Kd2 Kh8 46.Ke1 b4 47.axb4 a3 48.Bc1 Nxb4 49.Kd2 Nd5 50.Bxa3 Nf4 51.Bb2 Nxg6 52.Bxe5+ Nxe5 53.Kc3 Kxh7,0.5
1.d4 Nf6 2.c4 g6 3.Nc3 d5 4.cxd5 Nxd5 5.e4 Nxc3 6.bxc3 Bg7 7.Bc4 c5 8.Ne2 Nc6 9.Be3 O-O 10.O-O b6 11.Rc1 Bb7 12.Bb5 Rc8 13.Qd2 cxd4 14.cxd4 Qd6 15.Rfd1 Qb4 16.Qd3 e6 17.h4 Rfd8 18.Bg5 Nxd4 19.Bxd8 Rxd8 20.h5 Be5 21.a4 Kg7 22.Kf1 Nxe2 23.Qxe2 Rxd1+ 24.Rxd1 a6 25.Bxa6 Bxa6 26.Qxa6 Qxe4 27.Re1 Qd4 28.Qe2 Bf6 29.hxg6 hxg6 30.Qe4 Qd2 31.Re2 Qd1+ 32.Re1 Qd2 33.g3 Bd4 34.Qe2 Qc3 35.Rd1 Qc6 36.Qg4 e5 37.Rxd4 exd4 38.Qxd4+ Kg8 39.Qd8+ Kg7 40.Qd4+ Kg8,0.5













